{
  "resourceType" : "Encounter",
  "id" : "mii-exa-fall-kontakt-in-progress-status",
  "meta" : {
    "profile" : ["https://www.medizininformatik-initiative.de/fhir/core/modul-fall/StructureDefinition/KontaktGesundheitseinrichtung|2026.0.0"],
    "security" : [{
      "system" : "http://terminology.hl7.org/CodeSystem/v3-ActReason",
      "code" : "HTEST",
      "display" : "test health data"
    }]
  },
  "language" : "en",
  "text" : {
    "status" : "generated",
    "div" : "<div xmlns=\"http://www.w3.org/1999/xhtml\"><div xml:lang=\"en\" lang=\"en\"><hr/><p><b>English</b></p><hr/><p class=\"res-header-id\"><b>Generated Narrative: Encounter mii-exa-fall-kontakt-in-progress-status</b></p><a name=\"mii-exa-fall-kontakt-in-progress-status\"> </a><a name=\"hcmii-exa-fall-kontakt-in-progress-status\"> </a><div style=\"display: inline-block; background-color: #d9e0e7; padding: 6px; margin: 4px; border: 1px solid #8da1b4; border-radius: 5px; line-height: 60%\"><p style=\"margin-bottom: 0px\">Language: en</p><p style=\"margin-bottom: 0px\">Profile: <a href=\"StructureDefinition-mii-pr-fall-kontakt-gesundheitseinrichtung.html\">MII PR Fall Kontakt mit einer Gesundheitseinrichtungversion: null2026.0.0)</a></p><p style=\"margin-bottom: 0px\">Security Label: test health data (Details: ActReason code HTEST = 'test health data')</p></div><p><b>status</b>: In Progress</p><p><b>class</b>: <a href=\"http://terminology.hl7.org/7.0.0/CodeSystem-v3-ActCode.html#v3-ActCode-IMP\">ActCode: IMP</a> (inpatient encounter)</p><p><b>type</b>: <span title=\"Codes:{http://fhir.de/CodeSystem/Kontaktebene abteilungskontakt}\">Abteilungskontakt</span></p><p><b>serviceType</b>: <span title=\"Codes:{http://fhir.de/CodeSystem/dkgev/Fachabteilungsschluessel-erweitert 2315}\">Orthopädie/Schwerpunkt Chirurgie</span></p><p><b>subject</b>: <a href=\"Patient-mii-exa-person-patient-pseudonymisiert.html\">Anonymous Patient Female, DoB: 1998 ( Krankenversichertennummer\u00a0(use:\u00a0official,\u00a0))</a></p><p><b>period</b>: 2024-06-14 --&gt; (ongoing)</p></div><div xml:lang=\"de\" lang=\"de\"><hr/><p><b>German</b></p><hr/><p class=\"res-header-id\"><b>Generated Narrative: Encounter mii-exa-fall-kontakt-in-progress-status</b></p><a name=\"de-mii-exa-fall-kontakt-in-progress-status\"> </a><a name=\"de-hcmii-exa-fall-kontakt-in-progress-status\"> </a><div style=\"display: inline-block; background-color: #d9e0e7; padding: 6px; margin: 4px; border: 1px solid #8da1b4; border-radius: 5px; line-height: 60%\"><p style=\"margin-bottom: 0px\">Language: en</p><p style=\"margin-bottom: 0px\">Profile: <a href=\"StructureDefinition-mii-pr-fall-kontakt-gesundheitseinrichtung.html\">MII PR Fall Kontakt mit einer Gesundheitseinrichtungversion: null2026.0.0)</a></p><p style=\"margin-bottom: 0px\">Security Label: test health data (Details: ActReason code HTEST = 'test health data')</p></div><p><b>status</b>: In Progress</p><p><b>class</b>: <a href=\"http://terminology.hl7.org/7.0.0/CodeSystem-v3-ActCode.html#v3-ActCode-IMP\">ActCode: IMP</a> (inpatient encounter)</p><p><b>type</b>: <span title=\"Codes:{http://fhir.de/CodeSystem/Kontaktebene abteilungskontakt}\">Abteilungskontakt</span></p><p><b>serviceType</b>: <span title=\"Codes:{http://fhir.de/CodeSystem/dkgev/Fachabteilungsschluessel-erweitert 2315}\">Orthopädie/Schwerpunkt Chirurgie</span></p><p><b>subject</b>: <a href=\"Patient-mii-exa-person-patient-pseudonymisiert.html\">Anonymous Patient Female, DoB: 1998 ( Krankenversichertennummer\u00a0(use:\u00a0official,\u00a0))</a></p><p><b>period</b>: 2024-06-14 --&gt; (ongoing)</p></div></div>"
  },
  "status" : "in-progress",
  "class" : {
    "system" : "http://terminology.hl7.org/CodeSystem/v3-ActCode",
    "code" : "IMP",
    "display" : "inpatient encounter"
  },
  "type" : [{
    "coding" : [{
      "system" : "http://fhir.de/CodeSystem/Kontaktebene",
      "code" : "abteilungskontakt"
    }]
  }],
  "serviceType" : {
    "coding" : [{
      "system" : "http://fhir.de/CodeSystem/dkgev/Fachabteilungsschluessel-erweitert",
      "code" : "2315",
      "display" : "Orthopädie/Schwerpunkt Chirurgie"
    }]
  },
  "subject" : {
    "reference" : "Patient/mii-exa-person-patient-pseudonymisiert"
  },
  "period" : {
    "start" : "2024-06-14"
  }
}