{
  "resourceType" : "ValueSet",
  "id" : "mii-vs-person-vitalstatus",
  "meta" : {
    "profile" : ["http://hl7.org/fhir/StructureDefinition/shareablevalueset"]
  },
  "language" : "en",
  "text" : {
    "status" : "generated",
    "div" : "<div xml:lang=\"en\" lang=\"en\"><hr/><p><b>English</b></p><hr/><p class=\"res-header-id\"><b>Generated Narrative: ValueSet mii-vs-person-vitalstatus</b></p><a name=\"mii-vs-person-vitalstatus\"> </a><a name=\"hcmii-vs-person-vitalstatus\"> </a><div style=\"display: inline-block; background-color: #d9e0e7; padding: 6px; margin: 4px; border: 1px solid #8da1b4; border-radius: 5px; line-height: 60%\"><p style=\"margin-bottom: 0px\"/><p style=\"margin-bottom: 0px\">Profile: <a href=\"http://hl7.org/fhir/R4/shareablevalueset.html\">Shareable ValueSet</a></p></div><ul><li>Include all codes defined in <a href=\"CodeSystem-mii-cs-person-vitalstatus.html\"><code>https://www.medizininformatik-initiative.de/fhir/core/modul-person/CodeSystem/Vitalstatus</code></a><span title=\"Version is not explicitly stated, which means it is fixed to the version provided in this specification\"> version &#x1F4E6;2026.0.0-dev.1</span></li></ul></div>"
  },
  "extension" : [{
    "url" : "https://www.medizininformatik-initiative.de/fhir/modul-meta/StructureDefinition/mii-ex-meta-license-codeable",
    "valueCodeableConcept" : {
      "coding" : [{
        "system" : "http://hl7.org/fhir/spdx-license",
        "code" : "CC-BY-4.0",
        "display" : "Creative Commons Attribution 4.0 International"
      }]
    }
  }],
  "url" : "https://www.medizininformatik-initiative.de/fhir/core/modul-person/ValueSet/Vitalstatus",
  "version" : "2026.0.0-dev.1",
  "name" : "MII_VS_Person_Vitalstatus",
  "title" : "MII VS Person Vitalstatus",
  "status" : "active",
  "experimental" : false,
  "date" : "2024-12-04",
  "publisher" : "Medical Informatics Initiative (MII)",
  "contact" : [{
    "name" : "Medical Informatics Initiative (MII)",
    "telecom" : [{
      "system" : "url",
      "value" : "https://www.medizininformatik-initiative.de/en"
    }]
  }],
  "description" : "Enthält alle Werte, die den Vitalstatus einer Person beschreiben.",
  "jurisdiction" : [{
    "coding" : [{
      "system" : "urn:iso:std:iso:3166",
      "code" : "DE",
      "display" : "Germany"
    }]
  }],
  "compose" : {
    "include" : [{
      "system" : "https://www.medizininformatik-initiative.de/fhir/core/modul-person/CodeSystem/Vitalstatus"
    }]
  }
}