{
  "resourceType" : "ValueSet",
  "id" : "mii-vs-prozedur-durchfuehrungsabsicht-snomedct",
  "language" : "en",
  "text" : {
    "status" : "generated",
    "div" : "<div xml:lang=\"en\" lang=\"en\"><hr/><p><b>English</b></p><hr/><p class=\"res-header-id\"><b>Generated Narrative: ValueSet mii-vs-prozedur-durchfuehrungsabsicht-snomedct</b></p><a name=\"mii-vs-prozedur-durchfuehrungsabsicht-snomedct\"> </a><a name=\"hcmii-vs-prozedur-durchfuehrungsabsicht-snomedct\"> </a><ul><li>Include these codes as defined in <a href=\"http://www.snomed.org/\"><code>http://snomed.info/sct</code></a><span title=\"Version is explicitly stated to be http://snomed.info/sct/900000000000207008/version/20250701\"> version &#x1F4CD;</span><table class=\"none\"><tr><td style=\"white-space:nowrap\"><b>Code</b></td><td><b>Display</b></td></tr><tr><td><a href=\"http://snomed.info/sct/900000000000207008/id/262202000\">262202000</a></td><td>Therapeutic</td></tr><tr><td><a href=\"http://snomed.info/sct/900000000000207008/id/363676003\">363676003</a></td><td>Palliative intent</td></tr><tr><td><a href=\"http://snomed.info/sct/900000000000207008/id/261004008\">261004008</a></td><td>Diagnostic intent</td></tr><tr><td><a href=\"http://snomed.info/sct/900000000000207008/id/264931009\">264931009</a></td><td>Symptomatic</td></tr><tr><td><a href=\"http://snomed.info/sct/900000000000207008/id/255231005\">255231005</a></td><td>Revision - value</td></tr><tr><td><a href=\"http://snomed.info/sct/900000000000207008/id/255302009\">255302009</a></td><td>Complicated</td></tr><tr><td><a href=\"http://snomed.info/sct/900000000000207008/id/129428001\">129428001</a></td><td>Preventive intent</td></tr><tr><td><a href=\"http://snomed.info/sct/900000000000207008/id/394602003\">394602003</a></td><td>Rehabilitation - speciality</td></tr><tr><td><a href=\"http://snomed.info/sct/900000000000207008/id/74964007\">74964007</a></td><td>Other</td></tr></table></li></ul></div>"
  },
  "extension" : [{
    "url" : "https://www.medizininformatik-initiative.de/fhir/modul-meta/StructureDefinition/mii-ex-meta-license-codeable",
    "valueCodeableConcept" : {
      "coding" : [{
        "system" : "http://hl7.org/fhir/spdx-license",
        "code" : "CC-BY-4.0",
        "display" : "Creative Commons Attribution 4.0 International"
      }]
    }
  }],
  "url" : "https://www.medizininformatik-initiative.de/fhir/core/modul-prozedur/ValueSet/procedures-intend",
  "version" : "2026.0.0",
  "name" : "MII_VS_Prozedur_Durchfuehrungsabsicht_SNOMEDCT",
  "title" : "MII VS Prozedur Durchführungsabsicht [SNOMED CT]",
  "status" : "active",
  "experimental" : false,
  "date" : "2025-12-12",
  "publisher" : "Medical Informatics Initiative (MII)",
  "contact" : [{
    "name" : "Medical Informatics Initiative (MII)",
    "telecom" : [{
      "system" : "url",
      "value" : "https://www.medizininformatik-initiative.de/en"
    }]
  }],
  "description" : "Durchführungsabsicht / Intention mit der Prozedur ausgeführt wird",
  "jurisdiction" : [{
    "coding" : [{
      "system" : "urn:iso:std:iso:3166",
      "code" : "DE",
      "display" : "Germany"
    }]
  }],
  "copyright" : "This material includes SNOMED Clinical Terms® (SNOMED CT®) which is used by permission of SNOMED International. All rights reserved. SNOMED CT®, was originally created by The College of American Pathologists. SNOMED and SNOMED CT are registered trademarks of SNOMED International. Implementers of these artefacts must have the appropriate SNOMED CT Affiliate license.",
  "compose" : {
    "include" : [{
      "system" : "http://snomed.info/sct",
      "version" : "http://snomed.info/sct/900000000000207008/version/20250701",
      "concept" : [{
        "code" : "262202000",
        "display" : "Therapeutic"
      },
      {
        "code" : "363676003",
        "display" : "Palliative intent"
      },
      {
        "code" : "261004008",
        "display" : "Diagnostic intent"
      },
      {
        "code" : "264931009",
        "display" : "Symptomatic"
      },
      {
        "code" : "255231005",
        "display" : "Revision - value"
      },
      {
        "code" : "255302009",
        "display" : "Complicated"
      },
      {
        "code" : "129428001",
        "display" : "Preventive intent"
      },
      {
        "code" : "394602003",
        "display" : "Rehabilitation - speciality"
      },
      {
        "code" : "74964007",
        "display" : "Other"
      }]
    }]
  }
}