{
  "codeSystems" : [
    {
      "url" : "http://fhir.de/CodeSystem/KontaktDiagnoseProzedur",
      "version" : "1.5.4",
      "status" : "active",
      "name" : "KontaktDiagnoseProzedur",
      "title" : "KontaktDiagnoseProzedur",
      "description" : "Rolle/Relevanz von Diagnosen",
      "uses" : {
      },
      "https://simplifier.net/resolve?scope=de.basisprofil.r4@1.5.4&canonical=http://fhir.de/ValueSet/Diagnosesubtyp" : "Diagnosesubtyp ValueSet",
      "https://simplifier.net/resolve?scope=de.basisprofil.r4@1.5.4&canonical=http://fhir.de/ValueSet/DiagnoseTyp" : "DiagnoseTyp ValueSet"
    },
    {
      "url" : "http://fhir.de/CodeSystem/Kontaktebene",
      "version" : "1.5.4",
      "status" : "active",
      "name" : "Kontaktebene",
      "title" : "Kontaktebene",
      "description" : "CodeSystem für die Ebene eines Kontaktes mit einer Gesundheitseinrichtung",
      "uses" : {
      },
      "https://simplifier.net/resolve?scope=de.basisprofil.r4@1.5.4&canonical=http://fhir.de/ValueSet/kontaktebene-de" : "KontaktebeneDe ValueSet"
    },
    {
      "url" : "http://fhir.de/CodeSystem/bfarm/alpha-id",
      "version" : null,
      "status" : "active",
      "name" : "AlphaId",
      "title" : "Alpha-ID",
      "description" : "Alpha-ID Platzhalter-CodeSystem",
      "uses" : {
      },
      "ValueSet-mii-vs-diagnose-alphaid.html" : "MII VS Diagnose Alpha-ID"
    },
    {
      "url" : "http://fhir.de/CodeSystem/bfarm/icd-10-gm",
      "version" : null,
      "status" : "active",
      "name" : "ICD10GM",
      "title" : "ICD-10-GM",
      "description" : "ICD-10-GM Platzhalter-CodeSystem",
      "uses" : {
      },
      "ValueSet-mii-vs-diagnose-icd10gm.html" : "MII VS Diagnose ICD-10-GM"
    },
    {
      "url" : "http://fhir.de/CodeSystem/bfarm/ops",
      "version" : null,
      "status" : "active",
      "name" : "OPS",
      "title" : "OPS",
      "description" : "OPS Platzhalter-CodeSystem",
      "uses" : {
      },
      "ValueSet-mii-vs-prozedur-ops.html" : "MII VS Prozedur OPS"
    },
    {
      "url" : "http://fhir.de/CodeSystem/dgkev/Aufnahmeanlass",
      "version" : "1.5.4",
      "status" : "active",
      "name" : "CodeSystemAufnahmeanlass",
      "title" : "CodeSystemAufnahmeanlass",
      "description" : "Aufnahmeanlass, Datenübermittlung nach § 301 Abs. 3 SGB V",
      "uses" : {
      },
      "https://simplifier.net/resolve?scope=de.basisprofil.r4@1.5.4&canonical=http://fhir.de/ValueSet/dgkev/Aufnahmeanlass" : "Aufnahmeanlass ValueSet"
    },
    {
      "url" : "http://fhir.de/CodeSystem/dkgev/AufnahmegrundDritteStelle",
      "version" : "1.5.4",
      "status" : "active",
      "name" : "AufnahmegrundDritteStelle",
      "title" : "AufnahmegrundDritteStelle",
      "description" : "Aufnahmegrund (3. Stelle), Datenübermittlung nach § 301 Abs. 3 SGB V",
      "uses" : {
      },
      "https://simplifier.net/resolve?scope=de.basisprofil.r4@1.5.4&canonical=http://fhir.de/ValueSet/dkgev/AufnahmegrundDritteStelle" : "AufnahmegrundDritteStelle ValueSet"
    },
    {
      "url" : "http://fhir.de/CodeSystem/dkgev/AufnahmegrundErsteUndZweiteStelle",
      "version" : "1.5.4",
      "status" : "active",
      "name" : "CodeSystemAufnahmegrundErsteUndZweiteStelle",
      "title" : "CodeSystemAufnahmegrundErsteUndZweiteStelle",
      "description" : "Aufnahmegrund (1. und 2. Stelle), Datenübermittlung nach § 301 Abs. 3 SGB V",
      "uses" : {
      },
      "https://simplifier.net/resolve?scope=de.basisprofil.r4@1.5.4&canonical=http://fhir.de/ValueSet/dkgev/AufnahmegrundErsteUndZweiteStelle" : "Aufnahmegrund Erste und Zweite Stelle ValueSet"
    },
    {
      "url" : "http://fhir.de/CodeSystem/dkgev/AufnahmegrundVierteStelle",
      "version" : "1.5.4",
      "status" : "active",
      "name" : "AufnahmegrundVierteStelle",
      "title" : "AufnahmegrundVierteStelle",
      "description" : "Aufnahmegrund (4. Stelle), Datenübermittlung nach § 301 Abs. 3 SGB V",
      "uses" : {
      },
      "https://simplifier.net/resolve?scope=de.basisprofil.r4@1.5.4&canonical=http://fhir.de/ValueSet/dkgev/AufnahmegrundVierteStelle" : "Aufnahmegrund Vierte Stelle ValueSet"
    },
    {
      "url" : "http://fhir.de/CodeSystem/dkgev/Fachabteilungsschluessel",
      "version" : "1.5.4",
      "status" : "active",
      "name" : "CodeSystemFachabteilungsschluessel",
      "title" : "Fachabteilungsschluessel",
      "description" : "Fachabteilungen gemäß Anhang 1 der BPflV in der am 31.12.2003 geltenden Fassung",
      "uses" : {
      },
      "https://simplifier.net/resolve?scope=de.basisprofil.r4@1.5.4&canonical=http://fhir.de/ValueSet/dkgev/Fachabteilungsschluessel" : "Fachabteilungsschlüssel ValueSet"
    },
    {
      "url" : "http://fhir.de/CodeSystem/dkgev/Fachabteilungsschluessel-erweitert",
      "version" : "1.5.4",
      "status" : "active",
      "name" : "CodeSystemFachabteilungsschluesselErweitert",
      "title" : "Fachabteilungsschluessel Erweitert",
      "description" : "Fachabteilungen gemäß Anhang 1 der BPflV in der am 31.12.2003 geltenden Fassung inkl. Spezialisierungen",
      "uses" : {
      },
      "https://simplifier.net/resolve?scope=de.basisprofil.r4@1.5.4&canonical=http://fhir.de/ValueSet/dkgev/Fachabteilungsschluessel-erweitert" : "FachabteilungsschluesselErweitert ValueSet"
    },
    {
      "url" : "http://fhir.de/CodeSystem/identifier-type-de-basis",
      "version" : "1.5.4",
      "status" : "active",
      "name" : "IdentifierTypeDeBasis",
      "title" : "Identifier Type De Basis",
      "description" : "Liste der Identfikatorentypen des deutschen Basisprofils welche die Standardtypen ergänzen.",
      "uses" : {
      },
      "https://simplifier.net/resolve?scope=de.basisprofil.r4@1.5.4&canonical=http://fhir.de/ValueSet/identifier-type-de-basis" : "Identifier Type DeBasis ValueSet"
    },
    {
      "url" : "http://fhir.de/CodeSystem/kontaktart-de",
      "version" : "1.5.4",
      "status" : "active",
      "name" : "KontaktArtDe",
      "title" : "KontaktArtDe",
      "description" : "Klassifizierung eines Kontaktes mit einer Gesundheitseinrichtung",
      "uses" : {
      },
      "https://simplifier.net/resolve?scope=de.basisprofil.r4@1.5.4&canonical=http://fhir.de/ValueSet/kontaktart-de" : "KontaktartDe ValueSet"
    },
    {
      "url" : "http://hl7.org/fhir/address-type",
      "version" : "4.0.1",
      "status" : "active",
      "name" : "AddressType",
      "title" : "AddressType",
      "description" : "The type of an address (physical / postal).",
      "oids" : ["2.16.840.1.113883.4.642.4.70"],
      "uses" : {
      },
      "http://hl7.org/fhir/R4/valueset-address-type.html" : "AddressType"
    },
    {
      "url" : "http://hl7.org/fhir/address-use",
      "version" : "4.0.1",
      "status" : "active",
      "name" : "AddressUse",
      "title" : "AddressUse",
      "description" : "The use of an address.",
      "oids" : ["2.16.840.1.113883.4.642.4.68"],
      "uses" : {
      },
      "http://hl7.org/fhir/R4/valueset-address-use.html" : "AddressUse"
    },
    {
      "url" : "http://hl7.org/fhir/administrative-gender",
      "version" : "4.0.1",
      "status" : "active",
      "name" : "AdministrativeGender",
      "title" : "AdministrativeGender",
      "description" : "The gender of a person used for administrative purposes.",
      "oids" : ["2.16.840.1.113883.4.642.4.2"],
      "uses" : {
      },
      "http://hl7.org/fhir/R4/valueset-administrative-gender.html" : "AdministrativeGender"
    },
    {
      "url" : "http://hl7.org/fhir/encounter-location-status",
      "version" : "4.0.1",
      "status" : "draft",
      "name" : "EncounterLocationStatus",
      "title" : "EncounterLocationStatus",
      "description" : "The status of the location.",
      "oids" : ["2.16.840.1.113883.4.642.4.263"],
      "uses" : {
      },
      "http://hl7.org/fhir/R4/valueset-encounter-location-status.html" : "EncounterLocationStatus"
    },
    {
      "url" : "http://hl7.org/fhir/encounter-status",
      "version" : "4.0.1",
      "status" : "draft",
      "name" : "EncounterStatus",
      "title" : "EncounterStatus",
      "description" : "Current state of the encounter.",
      "oids" : ["2.16.840.1.113883.4.642.4.247"],
      "uses" : {
      },
      "https://simplifier.net/resolve?scope=de.basisprofil.r4@1.5.4&canonical=http://fhir.de/ValueSet/EncounterStatusDe" : "Encounter Status ValueSet",
      "http://hl7.org/fhir/R4/valueset-encounter-status.html" : "EncounterStatus"
    },
    {
      "url" : "http://hl7.org/fhir/event-status",
      "version" : "4.0.1",
      "status" : "draft",
      "name" : "EventStatus",
      "title" : "EventStatus",
      "description" : "Codes identifying the lifecycle stage of an event.",
      "oids" : ["2.16.840.1.113883.4.642.4.110"],
      "uses" : {
      },
      "http://hl7.org/fhir/R4/valueset-event-status.html" : "EventStatus"
    },
    {
      "url" : "http://hl7.org/fhir/identifier-use",
      "version" : "4.0.1",
      "status" : "active",
      "name" : "IdentifierUse",
      "title" : "IdentifierUse",
      "description" : "Identifies the purpose for this identifier, if known .",
      "oids" : ["2.16.840.1.113883.4.642.4.58"],
      "uses" : {
      },
      "http://hl7.org/fhir/R4/valueset-identifier-use.html" : "IdentifierUse"
    },
    {
      "url" : "http://hl7.org/fhir/link-type",
      "version" : "4.0.1",
      "status" : "active",
      "name" : "LinkType",
      "title" : "LinkType",
      "description" : "The type of link between this patient resource and another patient resource.",
      "oids" : ["2.16.840.1.113883.4.642.4.424"],
      "uses" : {
      },
      "http://hl7.org/fhir/R4/valueset-link-type.html" : "LinkType"
    },
    {
      "url" : "http://hl7.org/fhir/name-use",
      "version" : "4.0.1",
      "status" : "active",
      "name" : "NameUse",
      "title" : "NameUse",
      "description" : "The use of a human name.",
      "oids" : ["2.16.840.1.113883.4.642.4.66"],
      "uses" : {
      },
      "http://hl7.org/fhir/R4/valueset-name-use.html" : "NameUse"
    },
    {
      "url" : "http://hl7.org/fhir/observation-status",
      "version" : "4.0.1",
      "status" : "active",
      "name" : "ObservationStatus",
      "title" : "ObservationStatus",
      "description" : "Codes providing the status of an observation.",
      "oids" : ["2.16.840.1.113883.4.642.4.401"],
      "uses" : {
      },
      "http://hl7.org/fhir/R4/valueset-observation-status.html" : "ObservationStatus"
    },
    {
      "url" : "http://hl7.org/fhir/quantity-comparator",
      "version" : "4.0.1",
      "status" : "active",
      "name" : "QuantityComparator",
      "title" : "QuantityComparator",
      "description" : "How the Quantity should be understood and represented.",
      "oids" : ["2.16.840.1.113883.4.642.4.60"],
      "uses" : {
      },
      "http://hl7.org/fhir/R4/valueset-quantity-comparator.html" : "QuantityComparator"
    },
    {
      "url" : "http://hl7.org/fhir/research-subject-status",
      "version" : "4.0.1",
      "status" : "draft",
      "name" : "ResearchSubjectStatus",
      "title" : "ResearchSubjectStatus",
      "description" : "Indicates the progression of a study subject through a study.",
      "oids" : ["2.16.840.1.113883.4.642.4.830"],
      "uses" : {
      },
      "http://hl7.org/fhir/R4/valueset-research-subject-status.html" : "ResearchSubjectStatus"
    },
    {
      "url" : "http://hl7.org/fhir/resource-types",
      "version" : "4.0.1",
      "status" : "active",
      "name" : "ResourceType",
      "title" : "ResourceType",
      "description" : "One of the resource types defined as part of this version of FHIR.",
      "uses" : {
      },
      "http://hl7.org/fhir/R4/valueset-resource-types.html" : "ResourceType"
    },
    {
      "url" : "http://snomed.info/sct",
      "version" : null,
      "status" : "active",
      "name" : "SNOMED_CT",
      "title" : "SNOMED CT (all versions)",
      "description" : "SNOMED CT is the most comprehensive and precise clinical health terminology product in the world, owned and distributed around the world by The International Health Terminology Standards Development Organisation (IHTSDO).",
      "oids" : ["2.16.840.1.113883.6.96"],
      "uses" : {
      },
      "http://hl7.org/fhir/R4/valueset-device-kind.html" : "FHIR Device Types",
      "http://hl7.org/fhir/R4/valueset-manifestation-or-symptom.html" : "Manifestation and Symptom Codes",
      "http://hl7.org/fhir/R4/valueset-procedure-outcome.html" : "Procedure Outcome Codes (SNOMED CT)",
      "http://hl7.org/fhir/R4/valueset-procedure-not-performed-reason.html" : "Procedure Not Performed Reason (SNOMED-CT)",
      "http://hl7.org/fhir/R4/valueset-procedure-followup.html" : "Procedure Follow up Codes (SNOMED CT)",
      "http://hl7.org/fhir/R4/valueset-condition-severity.html" : "Condition/Diagnosis Severity",
      "ValueSet-mii-vs-diagnose-diagnosecodes-snomed.html" : "MII VS Diagnose Diagnose-Codes SNOMED",
      "http://hl7.org/fhir/R4/valueset-procedure-reason.html" : "Procedure Reason Codes",
      "http://hl7.org/fhir/R4/valueset-encounter-reason.html" : "Encounter Reason Codes",
      "http://hl7.org/fhir/R4/valueset-observation-methods.html" : "Observation Methods",
      "http://hl7.org/fhir/R4/valueset-procedure-category.html" : "Procedure Category Codes (SNOMED CT)",
      "http://hl7.org/fhir/R4/valueset-device-action.html" : "Procedure Device Action Codes",
      "http://hl7.org/fhir/R4/valueset-condition-stage.html" : "Condition Stage",
      "http://hl7.org/fhir/R4/valueset-procedure-code.html" : "Procedure Codes (SNOMED CT)",
      "https://simplifier.net/resolve?scope=de.basisprofil.r4@1.5.4&canonical=http://fhir.de/ValueSet/lebensphase-de" : "LebensphaseDe ValueSet",
      "http://hl7.org/fhir/R4/valueset-condition-stage-type.html" : "Condition Stage Type",
      "http://hl7.org/fhir/R4/valueset-performer-role.html" : "Procedure Performer Role Codes",
      "ValueSet-mii-vs-prozedur-durchfuehrungsabsicht-snomedct.html" : "MII VS Prozedur Durchführungsabsicht [SNOMED CT]",
      "ValueSet-mii-vs-prozedur-prozeduren-snomedct.html" : "MII VS Prozedur Prozeduren [SNOMED CT]",
      "ValueSet-mii-vs-prozedur-opskategorien-snomedct.html" : "MII VS Prozedur OPS Kategorien [SNOMED CT]",
      "http://hl7.org/fhir/R4/valueset-body-site.html" : "SNOMED CT Body Structures",
      "ValueSet-mii-vs-diagnose-bodystructure-snomed.html" : "MII VS Diagnose BodyStructure SNOMED",
      "http://hl7.org/fhir/R4/valueset-referencerange-appliesto.html" : "Observation Reference Range Applies To Codes",
      "http://hl7.org/fhir/R4/valueset-condition-code.html" : "Condition/Problem/Diagnosis Codes"
    },
    {
      "url" : "http://terminology.hl7.org/CodeSystem/common-tags",
      "version" : "1.0.1",
      "status" : "active",
      "name" : "CommonTags",
      "title" : "Common Tags",
      "description" : "Common Tag Codes defined by FHIR project",
      "oids" : ["2.16.840.1.113883.4.642.1.1067"],
      "uses" : {
      },
      "http://hl7.org/fhir/R4/valueset-common-tags.html" : "Common Tags"
    },
    {
      "url" : "http://terminology.hl7.org/CodeSystem/condition-category",
      "version" : "2.0.0",
      "status" : "active",
      "name" : "ConditionCategoryCodes",
      "title" : "Condition Category Codes",
      "description" : "Preferred value set for Condition Categories.",
      "oids" : ["2.16.840.1.113883.4.642.1.1073"],
      "uses" : {
      },
      "http://hl7.org/fhir/R4/valueset-condition-category.html" : "Condition Category Codes"
    },
    {
      "url" : "http://terminology.hl7.org/CodeSystem/condition-clinical",
      "version" : "3.0.0",
      "status" : "active",
      "name" : "ConditionClinicalStatusCodes",
      "title" : "Condition Clinical Status Codes",
      "description" : "Preferred value set for Condition Clinical Status.",
      "oids" : ["2.16.840.1.113883.4.642.1.1074"],
      "uses" : {
      },
      "http://hl7.org/fhir/R4/valueset-condition-clinical.html" : "Condition Clinical Status Codes"
    },
    {
      "url" : "http://terminology.hl7.org/CodeSystem/condition-ver-status",
      "version" : "2.0.1",
      "status" : "active",
      "name" : "ConditionVerificationStatus",
      "title" : "ConditionVerificationStatus",
      "description" : "The verification status to support or decline the clinical status of the condition or diagnosis.",
      "oids" : ["2.16.840.1.113883.4.642.1.1075"],
      "uses" : {
      },
      "http://hl7.org/fhir/R4/valueset-condition-ver-status.html" : "ConditionVerificationStatus"
    },
    {
      "url" : "http://terminology.hl7.org/CodeSystem/data-absent-reason",
      "version" : "1.0.0",
      "status" : "active",
      "name" : "DataAbsentReason",
      "title" : "DataAbsentReason",
      "description" : "Used to specify why the normally expected content of the data element is missing.",
      "oids" : ["2.16.840.1.113883.4.642.4.1048"],
      "uses" : {
      },
      "http://hl7.org/fhir/R4/valueset-data-absent-reason.html" : "DataAbsentReason"
    },
    {
      "url" : "http://terminology.hl7.org/CodeSystem/diagnosis-role",
      "version" : "1.1.1",
      "status" : "active",
      "name" : "DiagnosisRole",
      "title" : "Diagnosis Role",
      "description" : "This value set defines a set of codes that can be used to express the role of a diagnosis on the Encounter or EpisodeOfCare record.",
      "oids" : ["2.16.840.1.113883.4.642.1.1054"],
      "uses" : {
      },
      "https://simplifier.net/resolve?scope=de.basisprofil.r4@1.5.4&canonical=http://fhir.de/ValueSet/Diagnosesubtyp" : "Diagnosesubtyp ValueSet"
    },
    {
      "url" : "http://terminology.hl7.org/CodeSystem/diet",
      "version" : "1.0.1",
      "status" : "active",
      "name" : "Diet",
      "title" : "Diet",
      "description" : "This value set defines a set of codes that can be used to indicate dietary preferences or restrictions a patient may have.",
      "oids" : ["2.16.840.1.113883.4.642.1.1091"],
      "uses" : {
      },
      "http://hl7.org/fhir/R4/valueset-encounter-diet.html" : "Diet"
    },
    {
      "url" : "http://terminology.hl7.org/CodeSystem/discharge-disposition",
      "version" : "1.0.1",
      "status" : "active",
      "name" : "DischargeDisposition",
      "title" : "Discharge disposition",
      "description" : "This value set defines a set of codes that can be used to where the patient left the hospital.",
      "oids" : ["2.16.840.1.113883.4.642.1.1093"],
      "uses" : {
      },
      "http://hl7.org/fhir/R4/valueset-encounter-discharge-disposition.html" : "Discharge disposition"
    },
    {
      "url" : "http://terminology.hl7.org/CodeSystem/encounter-special-arrangements",
      "version" : "1.0.1",
      "status" : "active",
      "name" : "SpecialArrangements",
      "title" : "Special arrangements",
      "description" : "This value set defines a set of codes that can be used to indicate the kinds of special arrangements in place for a patients visit.",
      "oids" : ["2.16.840.1.113883.4.642.1.1090"],
      "uses" : {
      },
      "http://hl7.org/fhir/R4/valueset-encounter-special-arrangements.html" : "Special arrangements"
    },
    {
      "url" : "http://terminology.hl7.org/CodeSystem/encounter-type",
      "version" : "1.0.1",
      "status" : "active",
      "name" : "EncounterType",
      "title" : "Encounter type",
      "description" : "This example value set defines a set of codes that can be used to indicate the type of encounter: a specific code indicating type of service provided.",
      "oids" : ["2.16.840.1.113883.4.642.1.1088"],
      "uses" : {
      },
      "http://hl7.org/fhir/R4/valueset-encounter-type.html" : "Encounter type"
    },
    {
      "url" : "http://terminology.hl7.org/CodeSystem/location-physical-type",
      "version" : "2.0.1",
      "status" : "active",
      "name" : "LocationType",
      "title" : "Location type",
      "description" : "This example value set defines a set of codes that can be used to indicate the physical form of the Location.\r\rThis includes several 'non physical' codes which are still considered a location.",
      "oids" : ["2.16.840.1.113883.4.642.1.1108"],
      "uses" : {
      },
      "ValueSet-mii-vs-fall-location-physical-type.html" : "MII VS Fall Location Physical Type"
    },
    {
      "url" : "http://terminology.hl7.org/CodeSystem/observation-category",
      "version" : "2.0.0",
      "status" : "active",
      "name" : "ObservationCategoryCodes",
      "title" : "Observation Category Codes",
      "description" : "Observation Category codes.",
      "oids" : ["2.16.840.1.113883.4.642.1.1125"],
      "uses" : {
      },
      "http://hl7.org/fhir/R4/valueset-observation-category.html" : "Observation Category Codes"
    },
    {
      "url" : "http://terminology.hl7.org/CodeSystem/participant-type",
      "version" : "1.0.1",
      "status" : "active",
      "name" : "ParticipantType",
      "title" : "Participant type",
      "description" : "This value set defines a set of codes that can be used to indicate how an individual participates in an encounter.",
      "oids" : ["2.16.840.1.113883.4.642.1.1089"],
      "uses" : {
      },
      "http://hl7.org/fhir/R4/valueset-encounter-participant-type.html" : "Participant type"
    },
    {
      "url" : "http://terminology.hl7.org/CodeSystem/referencerange-meaning",
      "version" : "1.0.1",
      "status" : "active",
      "name" : "ObservationReferenceRangeMeaningCodes",
      "title" : "Observation Reference Range Meaning Codes",
      "description" : "This value set defines a set of codes that can be used to indicate the meaning/use of a reference range for a particular target population.",
      "oids" : ["2.16.840.1.113883.4.642.1.1124"],
      "uses" : {
      },
      "http://hl7.org/fhir/R4/valueset-referencerange-meaning.html" : "Observation Reference Range Meaning Codes"
    },
    {
      "url" : "http://terminology.hl7.org/CodeSystem/service-type",
      "version" : "1.1.1",
      "status" : "active",
      "name" : "ServiceType",
      "title" : "Service type",
      "description" : "This value set defines an example set of codes of service-types.",
      "oids" : ["2.16.840.1.113883.4.642.1.1145"],
      "uses" : {
      },
      "http://hl7.org/fhir/R4/valueset-service-type.html" : "Service type"
    },
    {
      "url" : "http://terminology.hl7.org/CodeSystem/v2-0092",
      "version" : "2.0.0",
      "status" : "active",
      "name" : "ReAdmissionIndicator",
      "title" : "re-admissionIndicator",
      "description" : "Code system of concepts which are used to specify that a patient is being re admitted to a healthcare facilityin from which they were discharged, and indicates the circumstances around such re-admission.  Used in HL7 Version 2.x messagine in the PV1 segment.",
      "oids" : ["2.16.840.1.113883.18.36"],
      "uses" : {
      },
      "http://terminology.hl7.org/7.0.0/ValueSet-v2-0092.html" : "hl7VS-re-admissionIndicator"
    },
    {
      "url" : "http://terminology.hl7.org/CodeSystem/v2-0131",
      "version" : "2.0.0",
      "status" : "active",
      "name" : "ContactRole2",
      "title" : "contactRole2",
      "description" : "Code system of concepts which specify a relationship role that the next of kin/associated parties plays with regard to the patient. Also used in referrals, for example, it may be necessary to identify the contact representative at the clinic that sent a referral. Used in HL7 Version 2 messaging in the NK1 and CTD segments after 2.5, when it replace 2.16.840.1.113883.18.57.",
      "oids" : ["2.16.840.1.113883.18.58"],
      "uses" : {
      },
      "http://hl7.org/fhir/R4/valueset-patient-contactrelationship.html" : "Patient Contact Relationship "
    },
    {
      "url" : "http://terminology.hl7.org/CodeSystem/v2-0203",
      "version" : "5.0.0",
      "status" : "active",
      "name" : "IdentifierType",
      "title" : "identifierType",
      "description" : "HL7-defined code system of concepts specifying type of identifier. Used in HL7 Version 2.x messaging data types CX, PLN, PPN, XCN and XON.",
      "oids" : ["2.16.840.1.113883.18.108"],
      "uses" : {
      },
      "ValueSet-mii-vs-fall-identifier-type-codes.html" : "MII VS Fall Identifier Type Codes",
      "http://hl7.org/fhir/R4/valueset-identifier-type.html" : "IdentifierType",
      "https://simplifier.net/resolve?scope=de.basisprofil.r4@1.5.4&canonical=http://fhir.de/ValueSet/identifier-type-de-basis" : "Identifier Type DeBasis ValueSet"
    },
    {
      "url" : "http://terminology.hl7.org/CodeSystem/v3-ActCode",
      "version" : "9.0.0",
      "status" : "active",
      "name" : "ActCode",
      "title" : "ActCode",
      "description" : "A code specifying the particular kind of Act that the Act-instance represents within its class.\r\n\r\n*Constraints:* The kind of Act (e.g. physical examination, serum potassium, inpatient encounter, charge financial transaction, etc.) is specified with a code from one of several, typically external, coding systems. The coding system will depend on the class of Act, such as LOINC for observations, etc.\r\n\r\nConceptually, the Act.code must be a specialization of the Act.classCode. This is why the structure of ActClass domain should be reflected in the superstructure of the ActCode domain and then individual codes or externally referenced vocabularies subordinated under these domains that reflect the ActClass structure.\r\n\r\nAct.classCode and Act.code are not modifiers of each other but the Act.code concept should really imply the Act.classCode concept. For a negative example, it is not appropriate to use an Act.code \"potassium\" together with and Act.classCode for \"laboratory observation\" to somehow mean \"potassium laboratory observation\" and then use the same Act.code for \"potassium\" together with Act.classCode for \"medication\" to mean \"substitution of potassium\". This mutually modifying use of Act.code and Act.classCode is not permitted.",
      "oids" : ["2.16.840.1.113883.5.4"],
      "uses" : {
      },
      "http://terminology.hl7.org/7.0.0/ValueSet-v3-ActEncounterCode.html" : "ActEncounterCode",
      "https://simplifier.net/resolve?scope=de.basisprofil.r4@1.5.4&canonical=http://fhir.de/ValueSet/EncounterClassDE" : "EncounterClassDE"
    },
    {
      "url" : "http://terminology.hl7.org/CodeSystem/v3-ActPriority",
      "version" : "3.0.0",
      "status" : "active",
      "name" : "ActPriority",
      "title" : "ActPriority",
      "description" : "A set of codes (e.g., for routine, emergency), specifying the urgency under which the Act happened, can happen, is happening, is intended to happen, or is requested/demanded to happen.",
      "oids" : ["2.16.840.1.113883.5.7"],
      "uses" : {
      },
      "http://terminology.hl7.org/7.0.0/ValueSet-v3-ActPriority.html" : "ActPriority"
    },
    {
      "url" : "http://terminology.hl7.org/CodeSystem/v3-EncounterSpecialCourtesy",
      "version" : "3.0.0",
      "status" : "active",
      "name" : "EncounterSpecialCourtesy",
      "title" : "EncounterSpecialCourtesy",
      "description" : "**** MISSING DESCRIPTION ****",
      "oids" : ["2.16.840.1.113883.5.40"],
      "uses" : {
      },
      "http://hl7.org/fhir/R4/valueset-encounter-special-courtesy.html" : "Special courtesy"
    },
    {
      "url" : "http://terminology.hl7.org/CodeSystem/v3-MaritalStatus",
      "version" : "3.0.0",
      "status" : "active",
      "name" : "MaritalStatus",
      "title" : "MaritalStatus",
      "description" : "\\* \\* \\* No description supplied \\* \\* \\*\r\n\r\n*Open Issue:* The specific meanings of these codes can vary somewhat by jurisdiction and implementation so caution should be used when determining equivalency.\r\n\r\n*Open Issue:* fixing and completion of the hierarchy and proper good definitions of all the concepts is badly needed.",
      "oids" : ["2.16.840.1.113883.5.2"],
      "uses" : {
      },
      "http://hl7.org/fhir/R4/valueset-marital-status.html" : "MaritalStatus"
    },
    {
      "url" : "http://terminology.hl7.org/CodeSystem/v3-NullFlavor",
      "version" : "3.0.0",
      "status" : "active",
      "name" : "NullFlavor",
      "title" : "NullFlavor",
      "description" : "A collection of codes specifying why a valid value is not present.",
      "oids" : ["2.16.840.1.113883.5.1008"],
      "uses" : {
      },
      "http://hl7.org/fhir/R4/valueset-marital-status.html" : "MaritalStatus",
      "http://hl7.org/fhir/R4/valueset-encounter-special-courtesy.html" : "Special courtesy"
    },
    {
      "url" : "http://terminology.hl7.org/CodeSystem/v3-ObservationInterpretation",
      "version" : "3.0.0",
      "status" : "active",
      "name" : "ObservationInterpretation",
      "title" : "ObservationInterpretation",
      "description" : "One or more codes providing a rough qualitative interpretation of the observation, such as \"normal\" / \"abnormal\", \"low\" / \"high\", \"better\" / \"worse\", \"resistant\" / \"susceptible\", \"expected\" / \"not expected\". The value set is intended to be for ANY use where coded representation of an interpretation is needed.",
      "oids" : ["2.16.840.1.113883.5.83"],
      "uses" : {
      },
      "http://hl7.org/fhir/R4/valueset-observation-interpretation.html" : "Observation Interpretation Codes"
    },
    {
      "url" : "http://terminology.hl7.org/CodeSystem/v3-ParticipationType",
      "version" : "5.0.0",
      "status" : "active",
      "name" : "ParticipationType",
      "title" : "ParticipationType",
      "description" : "A code specifying the meaning and purpose of every Participation instance. Each of its values implies specific constraints on the Roles undertaking the participation.",
      "oids" : ["2.16.840.1.113883.5.90"],
      "uses" : {
      },
      "http://hl7.org/fhir/R4/valueset-encounter-participant-type.html" : "Participant type"
    },
    {
      "url" : "https://www.medizininformatik-initiative.de/fhir/core/modul-person/CodeSystem/Vitalstatus",
      "version" : "2026.0.0-dev.1",
      "status" : "active",
      "name" : "MII_CS_Person_Vitalstatus",
      "title" : "MII CS Person Vitalstatus",
      "description" : "Vitalstatus des Patienten",
      "uses" : {
      },
      "ValueSet-mii-vs-person-vitalstatus.html" : "MII VS Person Vitalstatus"
    },
    {
      "url" : "urn:iso:std:iso:3166-2:de",
      "version" : "1.5.4",
      "status" : "active",
      "name" : "CodeSystemISO31662DE",
      "title" : "ISO-3166-2:de-Laendercodes",
      "description" : "Die Liste der ISO-3166-2:DE Codes für Deutschland enthält die Codes für die deutschen Länder.",
      "uses" : {
      },
      "https://simplifier.net/resolve?scope=de.basisprofil.r4@1.5.4&canonical=http://fhir.de/ValueSet/iso/bundeslaender" : "ISO-3166-2:de-Laendercodes"
    }
  ]
}
