<?xml version="1.0" encoding="UTF-8"?>

<Condition xmlns="http://hl7.org/fhir">
  <id value="mii-exa-diagnose-mehrfachcodierung-primaercode"/>
  <meta>
    <profile value="https://www.medizininformatik-initiative.de/fhir/core/modul-diagnose/StructureDefinition/Diagnose|2026.0.0-dev.1"/>
    <security>
      <system value="http://terminology.hl7.org/CodeSystem/v3-ActReason"/>
      <code value="HTEST"/>
      <display value="test health data"/>
    </security>
  </meta>
  <language value="en"/>
  <text>
    <status value="generated"/><div xml:lang="en" lang="en"><hr/><p><b>English</b></p><hr/><p class="res-header-id"><b>Generated Narrative: Condition mii-exa-diagnose-mehrfachcodierung-primaercode</b></p><a name="mii-exa-diagnose-mehrfachcodierung-primaercode"> </a><a name="hcmii-exa-diagnose-mehrfachcodierung-primaercode"> </a><div style="display: inline-block; background-color: #d9e0e7; padding: 6px; margin: 4px; border: 1px solid #8da1b4; border-radius: 5px; line-height: 60%"><p style="margin-bottom: 0px">Language: en</p><p style="margin-bottom: 0px">Profile: <a href="StructureDefinition-mii-pr-diagnose-condition.html">MII PR Diagnose Conditionversion: null2026.0.0-dev.1)</a></p><p style="margin-bottom: 0px">Security Label: test health data (Details: ActReason code HTEST = 'test health data')</p></div><p><b>clinicalStatus</b>: <span title="Codes:{http://terminology.hl7.org/CodeSystem/condition-clinical active}">Active</span></p><p><b>verificationStatus</b>: <span title="Codes:{http://terminology.hl7.org/CodeSystem/condition-ver-status confirmed}">Confirmed</span></p><p><b>code</b>: <span title="Codes:{http://fhir.de/CodeSystem/bfarm/icd-10-gm A54.4}, {http://fhir.de/CodeSystem/bfarm/alpha-id I97525}">Gonokokkeninfektion des Muskel-Skelett-Systems</span></p><p><b>subject</b>: <a href="Patient-mii-exa-person-patient-1.html">Maja Julia Van-der-Dussen (official) Female, DoB: 1998-09-19 ( Medical record number (use: usual, ))</a></p><p><b>encounter</b>: <a href="Encounter-mii-exa-fall-kontakt-gesundheitseinrichtung-8.html">Encounter: identifier = Visit number; status = finished; class = ambulatory (ActCode#AMB); period = 2019-09-26 10:00:00+0200 --&gt; 2019-09-26 12:00:00+0200</a></p><p><b>onset</b>: 2019-09-26</p><p><b>recordedDate</b>: 2019-09-26 11:30:00+0200</p></div>
  </text>
  <clinicalStatus>
    <coding>
      <system value="http://terminology.hl7.org/CodeSystem/condition-clinical"/>
      <code value="active"/>
    </coding>
  </clinicalStatus>
  <verificationStatus>
    <coding>
      <system value="http://terminology.hl7.org/CodeSystem/condition-ver-status"/>
      <code value="confirmed"/>
    </coding>
  </verificationStatus>
  <code>
    <coding>
      <extension url="http://fhir.de/StructureDefinition/icd-10-gm-mehrfachcodierungs-kennzeichen">
        <valueCoding>
          <system value="http://fhir.de/CodeSystem/icd-10-gm-mehrfachcodierungs-kennzeichen"/>
          <code value="†"/>
        </valueCoding>
      </extension>
      <extension url="http://fhir.de/StructureDefinition/seitenlokalisation">
        <valueCoding>
          <system value="https://fhir.kbv.de/CodeSystem/KBV_CS_SFHIR_ICD_SEITENLOKALISATION"/>
          <code value="L"/>
          <display value="links"/>
        </valueCoding>
      </extension>
      <extension url="http://fhir.de/StructureDefinition/icd-10-gm-diagnosesicherheit">
        <valueCoding>
          <system value="https://fhir.kbv.de/CodeSystem/KBV_CS_SFHIR_ICD_DIAGNOSESICHERHEIT"/>
          <code value="G"/>
          <display value="gesicherte Diagnose"/>
        </valueCoding>
      </extension>
      <system value="http://fhir.de/CodeSystem/bfarm/icd-10-gm"/>
      <version value="2020"/>
      <code value="A54.4"/>
      <display value="Gonokokkeninfektion des Muskel-Skelett-Systems"/>
    </coding>
    <coding>
      <system value="http://fhir.de/CodeSystem/bfarm/alpha-id"/>
      <version value="2020"/>
      <code value="I97525"/>
    </coding>
  </code>
  <subject>
    <reference value="Patient/mii-exa-person-patient-1"/>
  </subject>
  <encounter>
    <reference value="Encounter/mii-exa-fall-kontakt-gesundheitseinrichtung-8"/>
  </encounter>
  <onsetDateTime value="2019-09-26"/>
  <recordedDate value="2019-09-26T11:30:00+02:00"/>
</Condition>