<?xml version="1.0" encoding="UTF-8"?>

<Condition xmlns="http://hl7.org/fhir">
  <id value="mii-exa-person-condition-todesursache"/>
  <meta>
    <profile value="https://www.medizininformatik-initiative.de/fhir/core/modul-person/StructureDefinition/Todesursache|2026.0.0-dev.1"/>
    <security>
      <system value="http://terminology.hl7.org/CodeSystem/v3-ActReason"/>
      <code value="HTEST"/>
      <display value="test health data"/>
    </security>
  </meta>
  <language value="en"/>
  <text>
    <status value="generated"/><div xmlns="http://www.w3.org/1999/xhtml"><div xml:lang="en" lang="en"><hr/><p><b>English</b></p><hr/><p class="res-header-id"><b>Generated Narrative: Condition mii-exa-person-condition-todesursache</b></p><a name="mii-exa-person-condition-todesursache"> </a><a name="hcmii-exa-person-condition-todesursache"> </a><div style="display: inline-block; background-color: #d9e0e7; padding: 6px; margin: 4px; border: 1px solid #8da1b4; border-radius: 5px; line-height: 60%"><p style="margin-bottom: 0px">Language: en</p><p style="margin-bottom: 0px">Profile: <a href="StructureDefinition-mii-pr-person-todesursache.html">MII PR Person Todesursacheversion: null2026.0.0-dev.1)</a></p><p style="margin-bottom: 0px">Security Label: test health data (Details: ActReason code HTEST = 'test health data')</p></div><p><b>category</b>: <span title="Codes:{http://snomed.info/sct 16100001}, {http://loinc.org 79378-6}">16100001</span></p><p><b>code</b>: <span title="Codes:{http://hl7.org/fhir/sid/icd-10 R96.1}">Death occurring less than 24 hours from onset of symptoms, not otherwise explained</span></p><p><b>subject</b>: <a href="Patient-mii-exa-person-patient-pseudonymisiert.html">Anonymous Patient Female, DoB: 1998 ( Krankenversichertennummer (use: official, ))</a></p></div><div xml:lang="de" lang="de"><hr/><p><b>German</b></p><hr/><p class="res-header-id"><b>Generated Narrative: Condition mii-exa-person-condition-todesursache</b></p><a name="de-mii-exa-person-condition-todesursache"> </a><a name="de-hcmii-exa-person-condition-todesursache"> </a><div style="display: inline-block; background-color: #d9e0e7; padding: 6px; margin: 4px; border: 1px solid #8da1b4; border-radius: 5px; line-height: 60%"><p style="margin-bottom: 0px">Language: en</p><p style="margin-bottom: 0px">Profile: <a href="StructureDefinition-mii-pr-person-todesursache.html">MII PR Person Todesursacheversion: null2026.0.0-dev.1)</a></p><p style="margin-bottom: 0px">Security Label: test health data (Details: ActReason code HTEST = 'test health data')</p></div><p><b>category</b>: <span title="Codes:{http://snomed.info/sct 16100001}, {http://loinc.org 79378-6}">16100001</span></p><p><b>code</b>: <span title="Codes:{http://hl7.org/fhir/sid/icd-10 R96.1}">Death occurring less than 24 hours from onset of symptoms, not otherwise explained</span></p><p><b>subject</b>: <a href="Patient-mii-exa-person-patient-pseudonymisiert.html">Anonymous Patient Female, DoB: 1998 ( Krankenversichertennummer (use: official, ))</a></p></div></div>
  </text>
  <category>
    <coding>
      <system value="http://snomed.info/sct"/>
      <code value="16100001"/>
    </coding>
    <coding>
      <system value="http://loinc.org"/>
      <code value="79378-6"/>
    </coding>
  </category>
  <code>
    <coding>
      <system value="http://hl7.org/fhir/sid/icd-10"/>
      <version value="2019"/>
      <code value="R96.1"/>
    </coding>
  </code>
  <subject>
    <reference value="Patient/mii-exa-person-patient-pseudonymisiert"/>
  </subject>
</Condition>