<?xml version="1.0" encoding="UTF-8"?>

<Condition xmlns="http://hl7.org/fhir">
  <id value="mii-exa-diagnose-mehrfachcodierung-sekundaercode"/>
  <meta>
    <profile value="https://www.medizininformatik-initiative.de/fhir/core/modul-diagnose/StructureDefinition/Diagnose|2026.0.0-dev.1"/>
    <security>
      <system value="http://terminology.hl7.org/CodeSystem/v3-ActReason"/>
      <code value="HTEST"/>
      <display value="test health data"/>
    </security>
  </meta>
  <language value="en"/>
  <text>
    <status value="extensions"/><div xmlns="http://www.w3.org/1999/xhtml"><div xml:lang="en" lang="en"><hr/><p><b>English</b></p><hr/><p class="res-header-id"><b>Generated Narrative: Condition mii-exa-diagnose-mehrfachcodierung-sekundaercode</b></p><a name="mii-exa-diagnose-mehrfachcodierung-sekundaercode"> </a><a name="hcmii-exa-diagnose-mehrfachcodierung-sekundaercode"> </a><div style="display: inline-block; background-color: #d9e0e7; padding: 6px; margin: 4px; border: 1px solid #8da1b4; border-radius: 5px; line-height: 60%"><p style="margin-bottom: 0px">Language: en</p><p style="margin-bottom: 0px">Profile: <a href="StructureDefinition-mii-pr-diagnose-condition.html">MII PR Diagnose Conditionversion: null2026.0.0-dev.1)</a></p><p style="margin-bottom: 0px">Security Label: test health data (Details: ActReason code HTEST = 'test health data')</p></div><p><b>Condition Related</b>: <a href="Condition-mii-exa-diagnose-mehrfachcodierung-primaercode.html">Condition Gonokokkeninfektion des Muskel-Skelett-Systems</a></p><p><b>clinicalStatus</b>: <span title="Codes:{http://terminology.hl7.org/CodeSystem/condition-clinical active}">Active</span></p><p><b>verificationStatus</b>: <span title="Codes:{http://terminology.hl7.org/CodeSystem/condition-ver-status confirmed}">Confirmed</span></p><p><b>code</b>: <span title="Codes:{http://fhir.de/CodeSystem/bfarm/icd-10-gm M73.04}">Bursitis gonorrhoica: Hand</span></p><p><b>subject</b>: <a href="Patient-mii-exa-person-patient-1.html">Maja Julia Van-der-Dussen (official) Female, DoB: 1998-09-19 ( Medical record number (use: usual, ))</a></p><p><b>encounter</b>: <a href="Encounter-mii-exa-fall-kontakt-gesundheitseinrichtung-8.html">Encounter: identifier = Visit number; status = finished; class = ambulatory (ActCode#AMB); period = 2019-09-26 10:00:00+0200 --&gt; 2019-09-26 12:00:00+0200</a></p><p><b>onset</b>: 2019-09-26</p><p><b>recordedDate</b>: 2019-09-26 11:30:00+0200</p></div><div xml:lang="de" lang="de"><hr/><p><b>German</b></p><hr/><p class="res-header-id"><b>Generated Narrative: Condition mii-exa-diagnose-mehrfachcodierung-sekundaercode</b></p><a name="de-mii-exa-diagnose-mehrfachcodierung-sekundaercode"> </a><a name="de-hcmii-exa-diagnose-mehrfachcodierung-sekundaercode"> </a><div style="display: inline-block; background-color: #d9e0e7; padding: 6px; margin: 4px; border: 1px solid #8da1b4; border-radius: 5px; line-height: 60%"><p style="margin-bottom: 0px">Language: en</p><p style="margin-bottom: 0px">Profile: <a href="StructureDefinition-mii-pr-diagnose-condition.html">MII PR Diagnose Conditionversion: null2026.0.0-dev.1)</a></p><p style="margin-bottom: 0px">Security Label: test health data (Details: ActReason code HTEST = 'test health data')</p></div><p><b>Condition Related</b>: <a href="Condition-mii-exa-diagnose-mehrfachcodierung-primaercode.html">Condition Gonokokkeninfektion des Muskel-Skelett-Systems</a></p><p><b>clinicalStatus</b>: <span title="Codes:{http://terminology.hl7.org/CodeSystem/condition-clinical active}">Active</span></p><p><b>verificationStatus</b>: <span title="Codes:{http://terminology.hl7.org/CodeSystem/condition-ver-status confirmed}">Confirmed</span></p><p><b>code</b>: <span title="Codes:{http://fhir.de/CodeSystem/bfarm/icd-10-gm M73.04}">Bursitis gonorrhoica: Hand</span></p><p><b>subject</b>: <a href="Patient-mii-exa-person-patient-1.html">Maja Julia Van-der-Dussen (official) Female, DoB: 1998-09-19 ( Krankenaktennummer (use: usual, ))</a></p><p><b>encounter</b>: <a href="Encounter-mii-exa-fall-kontakt-gesundheitseinrichtung-8.html">Encounter: identifier = Fallnummer; status = finished; class = ambulatory (ActCode#AMB); period = 2019-09-26 10:00:00+0200 --&gt; 2019-09-26 12:00:00+0200</a></p><p><b>onset</b>: 2019-09-26</p><p><b>recordedDate</b>: 2019-09-26 11:30:00+0200</p></div></div>
  </text>
  <extension url="http://hl7.org/fhir/StructureDefinition/condition-related">
    <valueReference>
      <reference value="Condition/mii-exa-diagnose-mehrfachcodierung-primaercode"/>
    </valueReference>
  </extension>
  <clinicalStatus>
    <coding>
      <system value="http://terminology.hl7.org/CodeSystem/condition-clinical"/>
      <code value="active"/>
    </coding>
  </clinicalStatus>
  <verificationStatus>
    <coding>
      <system value="http://terminology.hl7.org/CodeSystem/condition-ver-status"/>
      <code value="confirmed"/>
    </coding>
  </verificationStatus>
  <code>
    <coding>
      <extension url="http://fhir.de/StructureDefinition/icd-10-gm-mehrfachcodierungs-kennzeichen">
        <valueCoding>
          <system value="http://fhir.de/CodeSystem/icd-10-gm-mehrfachcodierungs-kennzeichen"/>
          <code value="*"/>
        </valueCoding>
      </extension>
      <system value="http://fhir.de/CodeSystem/bfarm/icd-10-gm"/>
      <version value="2020"/>
      <code value="M73.04"/>
    </coding>
    <text value="Bursitis gonorrhoica: Hand"/>
  </code>
  <subject>
    <reference value="Patient/mii-exa-person-patient-1"/>
  </subject>
  <encounter>
    <reference value="Encounter/mii-exa-fall-kontakt-gesundheitseinrichtung-8"/>
  </encounter>
  <onsetDateTime value="2019-09-26"/>
  <recordedDate value="2019-09-26T11:30:00+02:00"/>
</Condition>