<?xml version="1.0" encoding="UTF-8"?>

<Encounter xmlns="http://hl7.org/fhir">
  <id value="mii-exa-fall-kontakt-gesundheitseinrichtung-3"/>
  <meta>
    <profile value="https://www.medizininformatik-initiative.de/fhir/core/modul-fall/StructureDefinition/KontaktGesundheitseinrichtung|2026.0.0"/>
    <security>
      <system value="http://terminology.hl7.org/CodeSystem/v3-ActReason"/>
      <code value="HTEST"/>
      <display value="test health data"/>
    </security>
  </meta>
  <language value="en"/>
  <text>
    <status value="extensions"/><div xmlns="http://www.w3.org/1999/xhtml"><div xml:lang="en" lang="en"><hr/><p><b>English</b></p><hr/><p class="res-header-id"><b>Generated Narrative: Encounter mii-exa-fall-kontakt-gesundheitseinrichtung-3</b></p><a name="mii-exa-fall-kontakt-gesundheitseinrichtung-3"> </a><a name="hcmii-exa-fall-kontakt-gesundheitseinrichtung-3"> </a><div style="display: inline-block; background-color: #d9e0e7; padding: 6px; margin: 4px; border: 1px solid #8da1b4; border-radius: 5px; line-height: 60%"><p style="margin-bottom: 0px">Language: en</p><p style="margin-bottom: 0px">Profile: <a href="StructureDefinition-mii-pr-fall-kontakt-gesundheitseinrichtung.html">MII PR Fall Kontakt mit einer Gesundheitseinrichtungversion: null2026.0.0)</a></p><p style="margin-bottom: 0px">Security Label: test health data (Details: ActReason code HTEST = 'test health data')</p></div><p><b>MII EX Fall Planned Start Date</b>: 2024-06-14</p><p><b>MII EX Fall Planned End Date</b>: 2024-06-17</p><p><b>identifier</b>: Visit number/F_20240614_001</p><p><b>status</b>: Planned</p><p><b>class</b>: <a href="http://terminology.hl7.org/7.0.0/CodeSystem-v3-ActCode.html#v3-ActCode-IMP">ActCode: IMP</a> (inpatient encounter)</p><p><b>type</b>: <span title="Codes:{http://fhir.de/CodeSystem/Kontaktebene einrichtungskontakt}">Einrichtungskontakt</span></p><p><b>subject</b>: <a href="Patient-mii-exa-person-patient-1.html">Maja Julia Van-der-Dussen (official) Female, DoB: 1998-09-19 ( Medical record number (use: usual, ))</a></p><p><b>serviceProvider</b>: Identifier: <code>http://fhir.de/sid/dkgev/iknr</code>/260950472</p></div><div xml:lang="de" lang="de"><hr/><p><b>German</b></p><hr/><p class="res-header-id"><b>Generated Narrative: Encounter mii-exa-fall-kontakt-gesundheitseinrichtung-3</b></p><a name="de-mii-exa-fall-kontakt-gesundheitseinrichtung-3"> </a><a name="de-hcmii-exa-fall-kontakt-gesundheitseinrichtung-3"> </a><div style="display: inline-block; background-color: #d9e0e7; padding: 6px; margin: 4px; border: 1px solid #8da1b4; border-radius: 5px; line-height: 60%"><p style="margin-bottom: 0px">Language: en</p><p style="margin-bottom: 0px">Profile: <a href="StructureDefinition-mii-pr-fall-kontakt-gesundheitseinrichtung.html">MII PR Fall Kontakt mit einer Gesundheitseinrichtungversion: null2026.0.0)</a></p><p style="margin-bottom: 0px">Security Label: test health data (Details: ActReason code HTEST = 'test health data')</p></div><p><b>MII EX Fall Planned Start Date</b>: 2024-06-14</p><p><b>MII EX Fall Planned End Date</b>: 2024-06-17</p><p><b>identifier</b>: Fallnummer/F_20240614_001</p><p><b>status</b>: Planned</p><p><b>class</b>: <a href="http://terminology.hl7.org/7.0.0/CodeSystem-v3-ActCode.html#v3-ActCode-IMP">ActCode: IMP</a> (inpatient encounter)</p><p><b>type</b>: <span title="Codes:{http://fhir.de/CodeSystem/Kontaktebene einrichtungskontakt}">Einrichtungskontakt</span></p><p><b>subject</b>: <a href="Patient-mii-exa-person-patient-1.html">Maja Julia Van-der-Dussen (official) Female, DoB: 1998-09-19 ( Krankenaktennummer (use: usual, ))</a></p><p><b>serviceProvider</b>: Identifier: <code>http://fhir.de/sid/dkgev/iknr</code>/260950472</p></div></div>
  </text>
  <extension url="http://hl7.org/fhir/5.0/StructureDefinition/extension-Encounter.plannedStartDate">
    <valueDateTime value="2024-06-14"/>
  </extension>
  <extension url="http://hl7.org/fhir/5.0/StructureDefinition/extension-Encounter.plannedEndDate">
    <valueDateTime value="2024-06-17"/>
  </extension>
  <identifier>
    <type>
      <coding>
        <system value="http://terminology.hl7.org/CodeSystem/v2-0203"/>
        <code value="VN"/>
      </coding>
    </type>
    <system value="https://www.charite.de/fhir/sid/aufnahmenummer"/>
    <value value="F_20240614_001"/>
  </identifier>
  <status value="planned"/>
  <class>
    <system value="http://terminology.hl7.org/CodeSystem/v3-ActCode"/>
    <code value="IMP"/>
  </class>
  <type>
    <coding>
      <system value="http://fhir.de/CodeSystem/Kontaktebene"/>
      <code value="einrichtungskontakt"/>
    </coding>
  </type>
  <subject>
    <reference value="Patient/mii-exa-person-patient-1"/>
  </subject>
  <serviceProvider>
    <identifier>
      <system value="http://fhir.de/sid/dkgev/iknr"/>
      <value value="260950472"/>
    </identifier>
  </serviceProvider>
</Encounter>