<?xml version="1.0" encoding="UTF-8"?>

<Encounter xmlns="http://hl7.org/fhir">
  <id value="mii-exa-fall-kontakt-gesundheitseinrichtung-8"/>
  <meta>
    <profile value="https://www.medizininformatik-initiative.de/fhir/core/modul-fall/StructureDefinition/KontaktGesundheitseinrichtung|2026.0.0"/>
    <security>
      <system value="http://terminology.hl7.org/CodeSystem/v3-ActReason"/>
      <code value="HTEST"/>
      <display value="test health data"/>
    </security>
  </meta>
  <language value="en"/>
  <text>
    <status value="generated"/><div xmlns="http://www.w3.org/1999/xhtml"><div xml:lang="en" lang="en"><hr/><p><b>English</b></p><hr/><p class="res-header-id"><b>Generated Narrative: Encounter mii-exa-fall-kontakt-gesundheitseinrichtung-8</b></p><a name="mii-exa-fall-kontakt-gesundheitseinrichtung-8"> </a><a name="hcmii-exa-fall-kontakt-gesundheitseinrichtung-8"> </a><div style="display: inline-block; background-color: #d9e0e7; padding: 6px; margin: 4px; border: 1px solid #8da1b4; border-radius: 5px; line-height: 60%"><p style="margin-bottom: 0px">Language: en</p><p style="margin-bottom: 0px">Profile: <a href="StructureDefinition-mii-pr-fall-kontakt-gesundheitseinrichtung.html">MII PR Fall Kontakt mit einer Gesundheitseinrichtungversion: null2026.0.0)</a></p><p style="margin-bottom: 0px">Security Label: test health data (Details: ActReason code HTEST = 'test health data')</p></div><p><b>identifier</b>: Visit number/F_20190926_001</p><p><b>status</b>: Finished</p><p><b>class</b>: <a href="http://terminology.hl7.org/7.0.1/CodeSystem-v3-ActCode.html#v3-ActCode-AMB">ActCode: AMB</a> (ambulatory)</p><p><b>subject</b>: <a href="Patient-mii-exa-person-patient-1.html">Maja Julia Van-der-Dussen (official) Female, DoB: 1998-09-19 ( Medical record number (use: usual, ))</a></p><p><b>period</b>: 2019-09-26 10:00:00+0200 --&gt; 2019-09-26 12:00:00+0200</p><p><b>serviceProvider</b>: Identifier: <code>http://fhir.de/sid/dkgev/iknr</code>/260950472</p></div><div xml:lang="de" lang="de"><hr/><p><b>German</b></p><hr/><p class="res-header-id"><b>Generated Narrative: Encounter mii-exa-fall-kontakt-gesundheitseinrichtung-8</b></p><a name="de-mii-exa-fall-kontakt-gesundheitseinrichtung-8"> </a><a name="de-hcmii-exa-fall-kontakt-gesundheitseinrichtung-8"> </a><div style="display: inline-block; background-color: #d9e0e7; padding: 6px; margin: 4px; border: 1px solid #8da1b4; border-radius: 5px; line-height: 60%"><p style="margin-bottom: 0px">Language: en</p><p style="margin-bottom: 0px">Profile: <a href="StructureDefinition-mii-pr-fall-kontakt-gesundheitseinrichtung.html">MII PR Fall Kontakt mit einer Gesundheitseinrichtungversion: null2026.0.0)</a></p><p style="margin-bottom: 0px">Security Label: test health data (Details: ActReason code HTEST = 'test health data')</p></div><p><b>identifier</b>: Fallnummer/F_20190926_001</p><p><b>status</b>: Finished</p><p><b>class</b>: <a href="http://terminology.hl7.org/7.0.1/CodeSystem-v3-ActCode.html#v3-ActCode-AMB">ActCode: AMB</a> (ambulatory)</p><p><b>subject</b>: <a href="Patient-mii-exa-person-patient-1.html">Maja Julia Van-der-Dussen (official) Female, DoB: 1998-09-19 ( Krankenaktennummer (use: usual, ))</a></p><p><b>period</b>: 2019-09-26 10:00:00+0200 --&gt; 2019-09-26 12:00:00+0200</p><p><b>serviceProvider</b>: Identifier: <code>http://fhir.de/sid/dkgev/iknr</code>/260950472</p></div></div>
  </text>
  <identifier>
    <type>
      <coding>
        <system value="http://terminology.hl7.org/CodeSystem/v2-0203"/>
        <code value="VN"/>
      </coding>
    </type>
    <system value="https://www.charite.de/fhir/sid/aufnahmenummer"/>
    <value value="F_20190926_001"/>
  </identifier>
  <status value="finished"/>
  <class>
    <system value="http://terminology.hl7.org/CodeSystem/v3-ActCode"/>
    <code value="AMB"/>
  </class>
  <subject>
    <reference value="Patient/mii-exa-person-patient-1"/>
  </subject>
  <period>
    <start value="2019-09-26T10:00:00+02:00"/>
    <end value="2019-09-26T12:00:00+02:00"/>
  </period>
  <serviceProvider>
    <identifier>
      <system value="http://fhir.de/sid/dkgev/iknr"/>
      <value value="260950472"/>
    </identifier>
  </serviceProvider>
</Encounter>