URL,Version,Status,OIDs,Name,Title,Description,Used
http://fhir.de/CodeSystem/KontaktDiagnoseProzedur,1.5.4,active,,KontaktDiagnoseProzedur,KontaktDiagnoseProzedur,"Rolle/Relevanz von Diagnosen","ValueSet/DiagnoseTyp,ValueSet/Diagnosesubtyp"
http://fhir.de/CodeSystem/Kontaktebene,1.5.4,active,,Kontaktebene,Kontaktebene,"CodeSystem für die Ebene eines Kontaktes mit einer Gesundheitseinrichtung","ValueSet/kontaktebene-de"
http://fhir.de/CodeSystem/bfarm/alpha-id,null,active,,AlphaId,Alpha-ID,"Alpha-ID Platzhalter-CodeSystem","ValueSet/mii-vs-diagnose-alphaid"
http://fhir.de/CodeSystem/bfarm/icd-10-gm,null,active,,ICD10GM,ICD-10-GM,"ICD-10-GM Platzhalter-CodeSystem","ValueSet/mii-vs-diagnose-icd10gm"
http://fhir.de/CodeSystem/bfarm/ops,null,active,,OPS,OPS,"OPS Platzhalter-CodeSystem","ValueSet/mii-vs-prozedur-ops"
http://fhir.de/CodeSystem/dgkev/Aufnahmeanlass,1.5.4,active,,CodeSystemAufnahmeanlass,CodeSystemAufnahmeanlass,"Aufnahmeanlass, Datenübermittlung nach § 301 Abs. 3 SGB V","ValueSet/AufnahmeanlassVS"
http://fhir.de/CodeSystem/dkgev/Fachabteilungsschluessel,1.5.4,active,,CodeSystemFachabteilungsschluessel,Fachabteilungsschluessel,"Fachabteilungen gemäß Anhang 1 der BPflV in der am 31.12.2003 geltenden Fassung","ValueSet/FachabteilungsschluesselVS"
http://fhir.de/CodeSystem/dkgev/Fachabteilungsschluessel-erweitert,1.5.4,active,,CodeSystemFachabteilungsschluesselErweitert,Fachabteilungsschluessel Erweitert,"Fachabteilungen gemäß Anhang 1 der BPflV in der am 31.12.2003 geltenden Fassung inkl. Spezialisierungen","ValueSet/FachabteilungsschluesselErweitert"
http://fhir.de/CodeSystem/kontaktart-de,1.5.4,active,,KontaktArtDe,KontaktArtDe,"Klassifizierung eines Kontaktes mit einer Gesundheitseinrichtung","ValueSet/kontaktart-de"
http://hl7.org/fhir/encounter-status,4.0.1,draft,"2.16.840.1.113883.4.642.4.247",EncounterStatus,EncounterStatus,"Current state of the encounter.","ValueSet/EncounterStatusDe,ValueSet/encounter-status"
http://snomed.info/sct,null,active,"2.16.840.1.113883.6.96",SNOMED_CT,SNOMED CT (all versions),"SNOMED CT is the most comprehensive and precise clinical health terminology product in the world, owned and distributed around the world by The International Health Terminology Standards Development Organisation (IHTSDO).","ValueSet/device-kind,ValueSet/performer-role,ValueSet/condition-stage,ValueSet/encounter-reason,ValueSet/referencerange-appliesto,ValueSet/mii-vs-diagnose-bodystructure-snomed,ValueSet/procedure-reason,ValueSet/procedure-outcome,ValueSet/procedure-category,ValueSet/lebensphase-de,ValueSet/procedure-followup,ValueSet/condition-code,ValueSet/mii-vs-prozedur-opskategorien-snomedct,ValueSet/mii-vs-prozedur-prozeduren-snomedct,ValueSet/device-action,ValueSet/condition-stage-type,ValueSet/procedure-not-performed-reason,ValueSet/observation-methods,ValueSet/mii-vs-diagnose-diagnosecodes-snomed,ValueSet/body-site,ValueSet/manifestation-or-symptom,ValueSet/procedure-code,ValueSet/mii-vs-prozedur-durchfuehrungsabsicht-snomedct,ValueSet/condition-severity"
http://terminology.hl7.org/CodeSystem/diagnosis-role,1.1.1,active,"2.16.840.1.113883.4.642.1.1054",DiagnosisRole,Diagnosis Role,"This value set defines a set of codes that can be used to express the role of a diagnosis on the Encounter or EpisodeOfCare record.","ValueSet/Diagnosesubtyp"
http://terminology.hl7.org/CodeSystem/location-physical-type,2.0.1,active,"2.16.840.1.113883.4.642.1.1108",LocationType,Location type,"This example value set defines a set of codes that can be used to indicate the physical form of the Location.  This includes several 'non physical' codes which are still considered a location.","ValueSet/mii-vs-fall-location-physical-type"
http://terminology.hl7.org/CodeSystem/v2-0203,5.0.0,active,"2.16.840.1.113883.18.108",IdentifierType,identifierType,"HL7-defined code system of concepts specifying type of identifier. Used in HL7 Version 2.x messaging data types CX, PLN, PPN, XCN and XON.","ValueSet/identifier-type,ValueSet/mii-vs-fall-identifier-type-codes,ValueSet/identifier-type-de-basis"
http://terminology.hl7.org/CodeSystem/v3-ActCode,9.0.0,active,"2.16.840.1.113883.5.4",ActCode,ActCode,"A code specifying the particular kind of Act that the Act-instance represents within its class.    *Constraints:* The kind of Act (e.g. physical examination, serum potassium, inpatient encounter, charge financial transaction, etc.) is specified with a code from one of several, typically external, coding systems. The coding system will depend on the class of Act, such as LOINC for observations, etc.    Conceptually, the Act.code must be a specialization of the Act.classCode. This is why the structure of ActClass domain should be reflected in the superstructure of the ActCode domain and then individual codes or externally referenced vocabularies subordinated under these domains that reflect the ActClass structure.    Act.classCode and Act.code are not modifiers of each other but the Act.code concept should really imply the Act.classCode concept. For a negative example, it is not appropriate to use an Act.code ""potassium"" together with and Act.classCode for ""laboratory observation"" to somehow mean ""potassium laboratory observation"" and then use the same Act.code for ""potassium"" together with Act.classCode for ""medication"" to mean ""substitution of potassium"". This mutually modifying use of Act.code and Act.classCode is not permitted.","ValueSet/EncounterClassDE,ValueSet/v3-ActEncounterCode"
https://www.medizininformatik-initiative.de/fhir/core/modul-person/CodeSystem/Vitalstatus,2026.0.0,active,,MII_CS_Person_Vitalstatus,MII CS Person Vitalstatus,"Vitalstatus des Patienten","ValueSet/mii-vs-person-vitalstatus"
