<?xml version="1.0" encoding="UTF-8"?>

<Patient xmlns="http://hl7.org/fhir">
  <id value="mii-exa-person-patient-1"/>
  <meta>
    <profile value="https://www.medizininformatik-initiative.de/fhir/core/modul-person/StructureDefinition/Patient|2026.0.0"/>
    <security>
      <system value="http://terminology.hl7.org/CodeSystem/v3-ActReason"/>
      <code value="HTEST"/>
      <display value="test health data"/>
    </security>
  </meta>
  <language value="en"/>
  <text>
    <status value="generated"/><div xml:lang="en" lang="en"><hr/><p><b>English</b></p><hr/><p class="res-header-id"><b>Generated Narrative: Patient mii-exa-person-patient-1</b></p><a name="mii-exa-person-patient-1"> </a><a name="hcmii-exa-person-patient-1"> </a><div style="display: inline-block; background-color: #d9e0e7; padding: 6px; margin: 4px; border: 1px solid #8da1b4; border-radius: 5px; line-height: 60%"><p style="margin-bottom: 0px">Language: en</p><p style="margin-bottom: 0px">Profile: <a href="StructureDefinition-mii-pr-person-patient.html">MII PR Person Patientversion: null2026.0.0)</a></p><p style="margin-bottom: 0px">Security Label: test health data (Details: ActReason code HTEST = 'test health data')</p></div><p style="border: 1px #661aff solid; background-color: #e6e6ff; padding: 10px;">Maja Julia Van-der-Dussen (official) Female, DoB: 1998-09-19 ( Medical record number (use: usual, ))</p><hr/><table class="grid"><tr><td style="background-color: #f3f5da" title="Known status of Patient">Deceased:</td><td colspan="3">false</td></tr><tr><td style="background-color: #f3f5da" title="Other Id (see the one above)">Other Id:</td><td colspan="3">Krankenversichertennummer/A999999999 (use: official, )</td></tr><tr><td style="background-color: #f3f5da" title="Alternate names (see the one above)">Alt. Name:</td><td colspan="3">Bachmann (Name changed for Marriage)</td></tr><tr><td style="background-color: #f3f5da" title="Ways to contact the Patient">Contact Detail</td><td colspan="3">Anna-Louisa-Karsch Str. 2 Berlin DE-BE 10178 DE </td></tr></table></div>
  </text>
  <identifier>
    <use value="usual"/>
    <type>
      <coding>
        <system value="http://terminology.hl7.org/CodeSystem/v2-0203"/>
        <code value="MR"/>
      </coding>
    </type>
    <system value="https://www.charite.de/fhir/sid/patienten"/>
    <value value="42285243"/>
    <assigner>
      <identifier>
        <system value="https://www.medizininformatik-initiative.de/fhir/core/CodeSystem/core-location-identifier"/>
        <value value="Charité"/>
      </identifier>
      <display value="Charité – Universitätsmedizin Berlin"/>
    </assigner>
  </identifier>
  <identifier>
    <use value="official"/>
    <type>
      <coding>
        <system value="http://fhir.de/CodeSystem/identifier-type-de-basis"/>
        <code value="KVZ10"/>
      </coding>
    </type>
    <system value="http://fhir.de/sid/gkv/kvid-10"/>
    <value value="A999999999"/>
    <assigner>
      <identifier>
        <use value="official"/>
        <system value="http://fhir.de/sid/arge-ik/iknr"/>
        <value value="260326822"/>
      </identifier>
    </assigner>
  </identifier>
  <name>
    <use value="official"/>
    <family value="Van-der-Dussen">
      <extension url="http://hl7.org/fhir/StructureDefinition/humanname-own-name">
        <valueString value="Van-der-Dussen"/>
      </extension>
    </family>
    <given value="Maja"/>
    <given value="Julia"/>
    <prefix value="Prof. Dr. med.">
      <extension url="http://hl7.org/fhir/StructureDefinition/iso21090-EN-qualifier">
        <valueCode value="AC"/>
      </extension>
    </prefix>
  </name>
  <name>
    <use value="maiden"/>
    <family value="Bachmann"/>
  </name>
  <gender value="female"/>
  <birthDate value="1998-09-19"/>
  <deceasedBoolean value="false"/>
  <address>
    <type value="both"/>
    <line value="Anna-Louisa-Karsch Str. 2"/>
    <city value="Berlin">
      <extension url="http://fhir.de/StructureDefinition/destatis/ags">
        <valueCoding>
          <system value="http://fhir.de/sid/destatis/ags"/>
          <code value="11000000"/>
        </valueCoding>
      </extension>
    </city>
    <state value="DE-BE"/>
    <postalCode value="10178"/>
    <country value="DE"/>
  </address>
</Patient>