<?xml version="1.0" encoding="UTF-8"?>

<Procedure xmlns="http://hl7.org/fhir">
  <id value="mii-exa-prozedur-imaging"/>
  <meta>
    <profile value="https://www.medizininformatik-initiative.de/fhir/core/modul-prozedur/StructureDefinition/Procedure|2026.0.0"/>
    <security>
      <system value="http://terminology.hl7.org/CodeSystem/v3-ActReason"/>
      <code value="HTEST"/>
      <display value="test health data"/>
    </security>
  </meta>
  <language value="en"/>
  <text>
    <status value="extensions"/><div xmlns="http://www.w3.org/1999/xhtml"><div xml:lang="en" lang="en"><hr/><p><b>English</b></p><hr/><p class="res-header-id"><b>Generated Narrative: Procedure mii-exa-prozedur-imaging</b></p><a name="mii-exa-prozedur-imaging"> </a><a name="hcmii-exa-prozedur-imaging"> </a><div style="display: inline-block; background-color: #d9e0e7; padding: 6px; margin: 4px; border: 1px solid #8da1b4; border-radius: 5px; line-height: 60%"><p style="margin-bottom: 0px">Language: en</p><p style="margin-bottom: 0px">Profile: <a href="StructureDefinition-mii-pr-prozedur-procedure.html">MII PR Prozedur Procedureversion: null2026.0.0)</a></p><p style="margin-bottom: 0px">Security Label: test health data (Details: ActReason code HTEST = 'test health data')</p></div><p><b>ExtensionProzedurDokumentationsdatum</b>: 2020-01-08 10:30:00+0100</p><p><b>MII EX Prozedur Durchführungsabsicht</b>: <a href="http://snomed.info/id/261004008">SNOMED CT: 261004008</a> (Diagnostic intent)</p><p><b>status</b>: Completed</p><p><b>category</b>: <span title="Codes:{http://snomed.info/sct 363679005}">Imaging</span></p><p><b>code</b>: <span title="Codes:{http://fhir.de/CodeSystem/bfarm/ops 3-207}, {http://snomed.info/sct 169070004}">Native Computertomographie des Abdomens</span></p><p><b>subject</b>: <a href="Patient-mii-exa-person-patient-1.html">Maja Julia Van-der-Dussen (official) Female, DoB: 1998-09-19 ( Medical record number (use: usual, ))</a></p><p><b>encounter</b>: <a href="Encounter-mii-exa-fall-kontakt-gesundheitseinrichtung-2.html">Encounter: identifier = Visit number; status = finished; class = inpatient encounter (ActCode#IMP); type = Abteilungskontakt; serviceType = Allgemeine Chirurgie; period = 2020-01-08 09:00:00+0100 --&gt; 2020-01-11 23:59:00+0100</a></p><p><b>performed</b>: 2020-01-08 10:00:00+0100</p><p><b>bodySite</b>: <span title="Codes:{http://snomed.info/sct 818981001}">Abdomen</span></p></div><div xml:lang="de" lang="de"><hr/><p><b>German</b></p><hr/><p class="res-header-id"><b>Generated Narrative: Procedure mii-exa-prozedur-imaging</b></p><a name="de-mii-exa-prozedur-imaging"> </a><a name="de-hcmii-exa-prozedur-imaging"> </a><div style="display: inline-block; background-color: #d9e0e7; padding: 6px; margin: 4px; border: 1px solid #8da1b4; border-radius: 5px; line-height: 60%"><p style="margin-bottom: 0px">Language: en</p><p style="margin-bottom: 0px">Profile: <a href="StructureDefinition-mii-pr-prozedur-procedure.html">MII PR Prozedur Procedureversion: null2026.0.0)</a></p><p style="margin-bottom: 0px">Security Label: test health data (Details: ActReason code HTEST = 'test health data')</p></div><p><b>ExtensionProzedurDokumentationsdatum</b>: 2020-01-08 10:30:00+0100</p><p><b>MII EX Prozedur Durchführungsabsicht</b>: <a href="http://snomed.info/id/261004008">SNOMED CT: 261004008</a> (Diagnostic intent)</p><p><b>status</b>: Completed</p><p><b>category</b>: <span title="Codes:{http://snomed.info/sct 363679005}">Imaging</span></p><p><b>code</b>: <span title="Codes:{http://fhir.de/CodeSystem/bfarm/ops 3-207}, {http://snomed.info/sct 169070004}">Native Computertomographie des Abdomens</span></p><p><b>subject</b>: <a href="Patient-mii-exa-person-patient-1.html">Maja Julia Van-der-Dussen (official) Female, DoB: 1998-09-19 ( Krankenaktennummer (use: usual, ))</a></p><p><b>encounter</b>: <a href="Encounter-mii-exa-fall-kontakt-gesundheitseinrichtung-2.html">Encounter: identifier = Fallnummer; status = finished; class = inpatient encounter (ActCode#IMP); type = Abteilungskontakt; serviceType = Allgemeine Chirurgie; period = 2020-01-08 09:00:00+0100 --&gt; 2020-01-11 23:59:00+0100</a></p><p><b>performed</b>: 2020-01-08 10:00:00+0100</p><p><b>bodySite</b>: <span title="Codes:{http://snomed.info/sct 818981001}">Abdomen</span></p></div></div>
  </text>
  <extension url="http://fhir.de/StructureDefinition/ProzedurDokumentationsdatum">
    <valueDateTime value="2020-01-08T10:30:00+01:00"/>
  </extension>
  <extension url="https://www.medizininformatik-initiative.de/fhir/core/modul-prozedur/StructureDefinition/Durchfuehrungsabsicht">
    <valueCoding>
      <system value="http://snomed.info/sct"/>
      <code value="261004008"/>
    </valueCoding>
  </extension>
  <status value="completed"/>
  <category>
    <coding>
      <system value="http://snomed.info/sct"/>
      <code value="363679005"/>
    </coding>
  </category>
  <code>
    <coding>
      <system value="http://fhir.de/CodeSystem/bfarm/ops"/>
      <version value="2020"/>
      <code value="3-207"/>
    </coding>
    <coding>
      <system value="http://snomed.info/sct"/>
      <code value="169070004"/>
    </coding>
    <text value="Native Computertomographie des Abdomens"/>
  </code>
  <subject>
    <reference value="Patient/mii-exa-person-patient-1"/>
  </subject>
  <encounter>
    <reference value="Encounter/mii-exa-fall-kontakt-gesundheitseinrichtung-2"/>
  </encounter>
  <performedDateTime value="2020-01-08T10:00:00+01:00"/>
  <bodySite>
    <coding>
      <system value="http://snomed.info/sct"/>
      <code value="818981001"/>
    </coding>
    <text value="Abdomen"/>
  </bodySite>
</Procedure>