{"resourceType":"CapabilityStatement","id":"mii-cps-prozedur-capabilitystatement","text":{"status":"extensions","div":"<div xmlns=\"http://www.w3.org/1999/xhtml\"><div xml:lang=\"en\" lang=\"en\"><hr/><p><b>English</b></p><hr/><p class=\"res-header-id\"><b>Generated Narrative: CapabilityStatement mii-cps-prozedur-capabilitystatement</b></p><a name=\"mii-cps-prozedur-capabilitystatement\"> </a><a name=\"hcmii-cps-prozedur-capabilitystatement\"> </a><h2 id=\"title\">MII CPS Prozedur CapabilityStatement</h2><ul><li>Implementation Guide Version: 2026.0.0 </li><li>FHIR Version: 4.0.1 </li><li>Supported Formats: <code>xml</code>, <code>json</code></li><li>Published on: 2025-10-21 </li><li>Published by: Medical Informatics Initiative (MII) </li></ul><blockquote class=\"impl-note\"><p><strong>Note to Implementers: FHIR Capabilities</strong></p><p>Any FHIR capability may be 'allowed' by the system unless explicitly marked as 'SHALL NOT'. A few items are marked as MAY in the Implementation Guide to highlight their potential relevance to the use case.</p></blockquote><h2 id=\"rest\">FHIR RESTful Capabilities</h2><div class=\"panel panel-default\"><div class=\"panel-heading\"><h3 id=\"mode1\" class=\"panel-title\">Mode: <code>server</code></h3></div><div class=\"panel-body\"/></div><h3 id=\"resourcesCap1\">Capabilities by Resource/Profile</h3><h4 id=\"resourcesSummary1\">Summary</h4><p>The summary table lists the resources that are part of this configuration, and for each resource it lists:</p><ul><li>The relevant profiles (if any)</li><li>The interactions supported by each resource (<b><span class=\"bg-info\">R</span></b>ead, <b><span class=\"bg-info\">S</span></b>earch, <b><span class=\"bg-info\">U</span></b>pdate, and <b><span class=\"bg-info\">C</span></b>reate, are always shown, while <b><span class=\"bg-info\">VR</span></b>ead, <b><span class=\"bg-info\">P</span></b>atch, <b><span class=\"bg-info\">D</span></b>elete, <b><span class=\"bg-info\">H</span></b>istory on <b><span class=\"bg-info\">I</span></b>nstance, or <b><span class=\"bg-info\">H</span></b>istory on <b><span class=\"bg-info\">T</span></b>ype are only present if at least one of the resources has support for them.</li><li><span>The required, recommended, and some optional search parameters (if any). </span></li><li>The linked resources enabled for <code>_include</code></li><li>The other resources enabled for <code>_revinclude</code></li><li>The operations on the resource (if any)</li></ul><div class=\"table-responsive\"><table class=\"table table-condensed table-hover\"><thead><tr><th><b>Resource Type</b></th><th><b>Profile</b></th><th class=\"text-center\"><b title=\"GET a resource (read interaction)\">R</b></th><th class=\"text-center\"><b title=\"GET all set of resources of the type (search interaction)\">S</b></th><th class=\"text-center\"><b title=\"PUT a new resource version (update interaction)\">U</b></th><th class=\"text-center\"><b title=\"POST a new resource (create interaction)\">C</b></th><th><b title=\"Required and recommended search parameters\">Searches</b></th><th><code><b>_include</b></code></th><th><code><b>_revinclude</b></code></th><th><b>Operations</b></th></tr></thead><tbody><tr><td><a href=\"#Procedure1-1\">Procedure</a></td><td><a href=\"http://hl7.org/fhir/R4/procedure.html\">http://hl7.org/fhir/StructureDefinition/Procedure</a><br/><em>Additional supported profiles:</em><br/>\u00a0\u00a0<a href=\"StructureDefinition-mii-pr-prozedur-procedure.html\">MII PR Prozedur Procedureversion: 2026.0.0)</a></td><td class=\"text-center\"><span title=\"SHALL\"><b>Y</b></span></td><td class=\"text-center\"><span title=\"SHALL\"><b>Y</b></span></td><td class=\"text-center\"/><td class=\"text-center\"/><td>_count, _summary, _id, _lastUpdated, _profile, status, category, code, date, patient, subject, bodySite, dokumentationsdatum, durchfuehrungsabsicht, ops-seitenlokalisation</td><td/><td/><td/></tr></tbody></table></div><hr/><div class=\"panel panel-default\"><div class=\"panel-heading\"><h4 id=\"Procedure1-1\" class=\"panel-title\"><span style=\"float: right;\">Resource Conformance: SHALL </span>Procedure</h4></div><div class=\"panel-body\"><div class=\"container\"><div class=\"row\"><div class=\"col-lg-6\"><span class=\"lead\">Base System Profile</span><br/><a href=\"http://hl7.org/fhir/R4/procedure.html\">Procedure</a></div><div class=\"col-lg-3\"><span class=\"lead\">Profile Conformance</span><br/><b>SHALL</b></div><div class=\"col-lg-3\"><span class=\"lead\">Reference Policy</span><br/></div></div><p/><div class=\"row\"><div class=\"col-6\"><span class=\"lead\">Supported Profiles</span><p><a href=\"StructureDefinition-mii-pr-prozedur-procedure.html\">MII PR Prozedur Procedureversion: 2026.0.0)</a></p></div><div class=\"col-lg-6\"><span class=\"lead\">Interaction summary</span><br/><ul><li><strong>SHALL</strong> support <code>read</code>, <code>search-type</code>.</li></ul></div></div><p/><div class=\"row\"><div class=\"col-lg-7\"><span class=\"lead\">Search Parameters</span><table class=\"table table-condensed table-hover\"><thead><tr><th>Conformance</th><th>Parameter</th><th>Type</th><th>Documentation</th></tr></thead><tbody><tr><td><b>SHALL</b></td><td>_count</td><td><code>special</code></td><td><div/></td></tr><tr><td><b>SHALL</b></td><td>_summary</td><td><code>special</code></td><td><div/></td></tr><tr><td><b>SHALL</b></td><td><a href=\"http://hl7.org/fhir/R4/resource.html#search\">_id</a></td><td><code>token</code></td><td><div/></td></tr><tr><td><b>SHALL</b></td><td><a href=\"http://hl7.org/fhir/R4/resource.html#search\">_lastUpdated</a></td><td><code>date</code></td><td><div/></td></tr><tr><td><b>SHALL</b></td><td><a href=\"http://hl7.org/fhir/R4/resource.html#search\">_profile</a></td><td><code>uri</code></td><td><div/></td></tr><tr><td><b>SHALL</b></td><td><a href=\"http://hl7.org/fhir/R4/procedure.html#search\">status</a></td><td><code>token</code></td><td><div/></td></tr><tr><td><b>SHALL</b></td><td><a href=\"http://hl7.org/fhir/R4/procedure.html#search\">category</a></td><td><code>token</code></td><td><div/></td></tr><tr><td><b>SHALL</b></td><td><a href=\"http://hl7.org/fhir/R4/procedure.html#search\">code</a></td><td><code>token</code></td><td><div/></td></tr><tr><td><b>SHALL</b></td><td><a href=\"http://hl7.org/fhir/R4/procedure.html#search\">date</a></td><td><code>date</code></td><td><div/></td></tr><tr><td><b>SHALL</b></td><td><a href=\"http://hl7.org/fhir/R4/procedure.html#search\">patient</a></td><td><code>reference</code></td><td><div/></td></tr><tr><td><b>SHALL</b></td><td><a href=\"http://hl7.org/fhir/R4/procedure.html#search\">subject</a></td><td><code>reference</code></td><td><div/></td></tr><tr><td><b>SHALL</b></td><td><a href=\"https://simplifier.net/resolve?scope=de.medizininformatikinitiative.kerndatensatz.meta@2026.0.0&amp;canonical=https://www.medizininformatik-initiative.de/fhir/modul-meta/SearchParameter/mii-sp-meta-procedure-bodysite\">bodySite</a></td><td><code>token</code></td><td><div/></td></tr><tr><td><b>SHALL</b></td><td><a href=\"https://simplifier.net/resolve?scope=de.medizininformatikinitiative.kerndatensatz.meta@2026.0.0&amp;canonical=https://www.medizininformatik-initiative.de/fhir/modul-meta/SearchParameter/mii-sp-meta-procedure-dokumentationsdatum\">dokumentationsdatum</a></td><td><code>date</code></td><td><div/></td></tr><tr><td><b>SHALL</b></td><td><a href=\"https://simplifier.net/resolve?scope=de.medizininformatikinitiative.kerndatensatz.meta@2026.0.0&amp;canonical=https://www.medizininformatik-initiative.de/fhir/modul-meta/SearchParameter/mii-sp-meta-procedure-durchfuehrungsabsicht\">durchfuehrungsabsicht</a></td><td><code>token</code></td><td><div/></td></tr><tr><td><b>SHALL</b></td><td><a href=\"https://simplifier.net/resolve?scope=de.medizininformatikinitiative.kerndatensatz.meta@2026.0.0&amp;canonical=https://www.medizininformatik-initiative.de/fhir/modul-meta/SearchParameter/mii-sp-meta-procedure-ops-seitenlokalisation\">ops-seitenlokalisation</a></td><td><code>token</code></td><td><div/></td></tr></tbody></table></div><div class=\"col-lg-5\">\u00a0</div></div></div></div></div></div><div xml:lang=\"de\" lang=\"de\"><hr/><p><b>German</b></p><hr/><p class=\"res-header-id\"><b>Generated Narrative: CapabilityStatement mii-cps-prozedur-capabilitystatement</b></p><a name=\"de-mii-cps-prozedur-capabilitystatement\"> </a><a name=\"de-hcmii-cps-prozedur-capabilitystatement\"> </a><h2 id=\"de-title\">MII CPS Prozedur CapabilityStatement</h2><ul><li>Implementation Guide Version: 2026.0.0 </li><li>FHIR Version: 4.0.1 </li><li>Supported Formats: <code>xml</code>, <code>json</code></li><li>Published on: 2025-10-21 </li><li>Published by: Medical Informatics Initiative (MII) </li></ul><blockquote class=\"impl-note\"><p><strong>Note to Implementers: FHIR Capabilities</strong></p><p>Any FHIR capability may be 'allowed' by the system unless explicitly marked as 'SHALL NOT'. A few items are marked as MAY in the Implementation Guide to highlight their potential relevance to the use case.</p></blockquote><h2 id=\"de-rest\">FHIR RESTful Capabilities</h2><div class=\"panel panel-default\"><div class=\"panel-heading\"><h3 id=\"de-mode1\" class=\"panel-title\">Mode: <code>server</code></h3></div><div class=\"panel-body\"/></div><h3 id=\"de-resourcesCap1\">Capabilities by Resource/Profile</h3><h4 id=\"de-resourcesSummary1\">Summary</h4><p>The summary table lists the resources that are part of this configuration, and for each resource it lists:</p><ul><li>The relevant profiles (if any)</li><li>The interactions supported by each resource (<b><span class=\"bg-info\">R</span></b>ead, <b><span class=\"bg-info\">S</span></b>earch, <b><span class=\"bg-info\">U</span></b>pdate, and <b><span class=\"bg-info\">C</span></b>reate, are always shown, while <b><span class=\"bg-info\">VR</span></b>ead, <b><span class=\"bg-info\">P</span></b>atch, <b><span class=\"bg-info\">D</span></b>elete, <b><span class=\"bg-info\">H</span></b>istory on <b><span class=\"bg-info\">I</span></b>nstance, or <b><span class=\"bg-info\">H</span></b>istory on <b><span class=\"bg-info\">T</span></b>ype are only present if at least one of the resources has support for them.</li><li><span>The required, recommended, and some optional search parameters (if any). </span></li><li>The linked resources enabled for <code>_include</code></li><li>The other resources enabled for <code>_revinclude</code></li><li>The operations on the resource (if any)</li></ul><div class=\"table-responsive\"><table class=\"table table-condensed table-hover\"><thead><tr><th><b>Resource Type</b></th><th><b>Profile</b></th><th class=\"text-center\"><b title=\"GET a resource (read interaction)\">R</b></th><th class=\"text-center\"><b title=\"GET all set of resources of the type (search interaction)\">S</b></th><th class=\"text-center\"><b title=\"PUT a new resource version (update interaction)\">U</b></th><th class=\"text-center\"><b title=\"POST a new resource (create interaction)\">C</b></th><th><b title=\"Required and recommended search parameters\">Searches</b></th><th><code><b>_include</b></code></th><th><code><b>_revinclude</b></code></th><th><b>Operations</b></th></tr></thead><tbody><tr><td><a href=\"#de-Procedure1-1\">Procedure</a></td><td><a href=\"http://hl7.org/fhir/R4/procedure.html\">http://hl7.org/fhir/StructureDefinition/Procedure</a><br/><em>Additional supported profiles:</em><br/>\u00a0\u00a0<a href=\"StructureDefinition-mii-pr-prozedur-procedure.html\">MII PR Prozedur Procedureversion: 2026.0.0)</a></td><td class=\"text-center\"><span title=\"SHALL\"><b>Y</b></span></td><td class=\"text-center\"><span title=\"SHALL\"><b>Y</b></span></td><td class=\"text-center\"/><td class=\"text-center\"/><td>_count, _summary, _id, _lastUpdated, _profile, status, category, code, date, patient, subject, bodySite, dokumentationsdatum, durchfuehrungsabsicht, ops-seitenlokalisation</td><td/><td/><td/></tr></tbody></table></div><hr/><div class=\"panel panel-default\"><div class=\"panel-heading\"><h4 id=\"de-Procedure1-1\" class=\"panel-title\"><span style=\"float: right;\">Resource Conformance: SHALL </span>Procedure</h4></div><div class=\"panel-body\"><div class=\"container\"><div class=\"row\"><div class=\"col-lg-6\"><span class=\"lead\">Base System Profile</span><br/><a href=\"http://hl7.org/fhir/R4/procedure.html\">Procedure</a></div><div class=\"col-lg-3\"><span class=\"lead\">Profile Conformance</span><br/><b>SHALL</b></div><div class=\"col-lg-3\"><span class=\"lead\">Reference Policy</span><br/></div></div><p/><div class=\"row\"><div class=\"col-6\"><span class=\"lead\">Supported Profiles</span><p><a href=\"StructureDefinition-mii-pr-prozedur-procedure.html\">MII PR Prozedur Procedureversion: 2026.0.0)</a></p></div><div class=\"col-lg-6\"><span class=\"lead\">Interaction summary</span><br/><ul><li><strong>SHALL</strong> support <code>read</code>, <code>search-type</code>.</li></ul></div></div><p/><div class=\"row\"><div class=\"col-lg-7\"><span class=\"lead\">Search Parameters</span><table class=\"table table-condensed table-hover\"><thead><tr><th>Conformance</th><th>Parameter</th><th>Type</th><th>Documentation</th></tr></thead><tbody><tr><td><b>SHALL</b></td><td>_count</td><td><code>special</code></td><td><div/></td></tr><tr><td><b>SHALL</b></td><td>_summary</td><td><code>special</code></td><td><div/></td></tr><tr><td><b>SHALL</b></td><td><a href=\"http://hl7.org/fhir/R4/resource.html#search\">_id</a></td><td><code>token</code></td><td><div/></td></tr><tr><td><b>SHALL</b></td><td><a href=\"http://hl7.org/fhir/R4/resource.html#search\">_lastUpdated</a></td><td><code>date</code></td><td><div/></td></tr><tr><td><b>SHALL</b></td><td><a href=\"http://hl7.org/fhir/R4/resource.html#search\">_profile</a></td><td><code>uri</code></td><td><div/></td></tr><tr><td><b>SHALL</b></td><td><a href=\"http://hl7.org/fhir/R4/procedure.html#search\">status</a></td><td><code>token</code></td><td><div/></td></tr><tr><td><b>SHALL</b></td><td><a href=\"http://hl7.org/fhir/R4/procedure.html#search\">category</a></td><td><code>token</code></td><td><div/></td></tr><tr><td><b>SHALL</b></td><td><a href=\"http://hl7.org/fhir/R4/procedure.html#search\">code</a></td><td><code>token</code></td><td><div/></td></tr><tr><td><b>SHALL</b></td><td><a href=\"http://hl7.org/fhir/R4/procedure.html#search\">date</a></td><td><code>date</code></td><td><div/></td></tr><tr><td><b>SHALL</b></td><td><a href=\"http://hl7.org/fhir/R4/procedure.html#search\">patient</a></td><td><code>reference</code></td><td><div/></td></tr><tr><td><b>SHALL</b></td><td><a href=\"http://hl7.org/fhir/R4/procedure.html#search\">subject</a></td><td><code>reference</code></td><td><div/></td></tr><tr><td><b>SHALL</b></td><td><a href=\"https://simplifier.net/resolve?scope=de.medizininformatikinitiative.kerndatensatz.meta@2026.0.0&amp;canonical=https://www.medizininformatik-initiative.de/fhir/modul-meta/SearchParameter/mii-sp-meta-procedure-bodysite\">bodySite</a></td><td><code>token</code></td><td><div/></td></tr><tr><td><b>SHALL</b></td><td><a href=\"https://simplifier.net/resolve?scope=de.medizininformatikinitiative.kerndatensatz.meta@2026.0.0&amp;canonical=https://www.medizininformatik-initiative.de/fhir/modul-meta/SearchParameter/mii-sp-meta-procedure-dokumentationsdatum\">dokumentationsdatum</a></td><td><code>date</code></td><td><div/></td></tr><tr><td><b>SHALL</b></td><td><a href=\"https://simplifier.net/resolve?scope=de.medizininformatikinitiative.kerndatensatz.meta@2026.0.0&amp;canonical=https://www.medizininformatik-initiative.de/fhir/modul-meta/SearchParameter/mii-sp-meta-procedure-durchfuehrungsabsicht\">durchfuehrungsabsicht</a></td><td><code>token</code></td><td><div/></td></tr><tr><td><b>SHALL</b></td><td><a href=\"https://simplifier.net/resolve?scope=de.medizininformatikinitiative.kerndatensatz.meta@2026.0.0&amp;canonical=https://www.medizininformatik-initiative.de/fhir/modul-meta/SearchParameter/mii-sp-meta-procedure-ops-seitenlokalisation\">ops-seitenlokalisation</a></td><td><code>token</code></td><td><div/></td></tr></tbody></table></div><div class=\"col-lg-5\">\u00a0</div></div></div></div></div></div></div>"},"extension":[{"url":"https://www.medizininformatik-initiative.de/fhir/modul-meta/StructureDefinition/mii-ex-meta-license-codeable","valueCodeableConcept":{"coding":[{"system":"http://hl7.org/fhir/spdx-license","code":"CC-BY-4.0","display":"Creative Commons Attribution 4.0 International"}]}}],"url":"https://www.medizininformatik-initiative.de/fhir/core/modul-prozedur/CapabilityStatement/metadata","version":"2026.0.0","name":"MII_CPS_Prozedur_CapabilityStatement","title":"MII CPS Prozedur CapabilityStatement","status":"active","experimental":false,"date":"2025-10-21","publisher":"Medical Informatics Initiative (MII)","_publisher":{"extension":[{"extension":[{"url":"lang","valueCode":"de"},{"url":"content","valueString":"Medizininformatik-Initiative (MII)"}],"url":"http://hl7.org/fhir/StructureDefinition/translation"}]},"contact":[{"name":"Medical Informatics Initiative (MII)","telecom":[{"system":"url","value":"https://www.medizininformatik-initiative.de/en"}]}],"description":"Das vorliegende CapabilityStatement beschreibt alle verpflichtenden Interaktionen die ein konformes System unterstützen muss um das Modul Prozedur der Medizininformatik Initiative zu implementieren.","jurisdiction":[{"coding":[{"system":"urn:iso:std:iso:3166","code":"DE","display":"Germany"}]}],"kind":"requirements","fhirVersion":"4.0.1","format":["xml","json"],"rest":[{"mode":"server","resource":[{"extension":[{"url":"http://hl7.org/fhir/StructureDefinition/capabilitystatement-expectation","valueCode":"SHALL"}],"type":"Procedure","profile":"http://hl7.org/fhir/StructureDefinition/Procedure","supportedProfile":["https://www.medizininformatik-initiative.de/fhir/core/modul-prozedur/StructureDefinition/Procedure|2026.0.0"],"_supportedProfile":[{"extension":[{"url":"http://hl7.org/fhir/StructureDefinition/capabilitystatement-expectation","valueCode":"SHALL"}]}],"interaction":[{"extension":[{"url":"http://hl7.org/fhir/StructureDefinition/capabilitystatement-expectation","valueCode":"SHALL"}],"code":"read"},{"extension":[{"url":"http://hl7.org/fhir/StructureDefinition/capabilitystatement-expectation","valueCode":"SHALL"}],"code":"search-type"}],"searchParam":[{"extension":[{"url":"http://hl7.org/fhir/StructureDefinition/capabilitystatement-expectation","valueCode":"SHALL"}],"name":"_count","type":"special"},{"extension":[{"url":"http://hl7.org/fhir/StructureDefinition/capabilitystatement-expectation","valueCode":"SHALL"}],"name":"_summary","type":"special"},{"extension":[{"url":"http://hl7.org/fhir/StructureDefinition/capabilitystatement-expectation","valueCode":"SHALL"}],"name":"_id","definition":"http://hl7.org/fhir/SearchParameter/Resource-id","type":"token"},{"extension":[{"url":"http://hl7.org/fhir/StructureDefinition/capabilitystatement-expectation","valueCode":"SHALL"}],"name":"_lastUpdated","definition":"http://hl7.org/fhir/SearchParameter/Resource-lastUpdated","type":"date"},{"extension":[{"url":"http://hl7.org/fhir/StructureDefinition/capabilitystatement-expectation","valueCode":"SHALL"}],"name":"_profile","definition":"http://hl7.org/fhir/SearchParameter/Resource-profile","type":"uri"},{"extension":[{"url":"http://hl7.org/fhir/StructureDefinition/capabilitystatement-expectation","valueCode":"SHALL"}],"name":"status","definition":"http://hl7.org/fhir/SearchParameter/Procedure-status","type":"token"},{"extension":[{"url":"http://hl7.org/fhir/StructureDefinition/capabilitystatement-expectation","valueCode":"SHALL"}],"name":"category","definition":"http://hl7.org/fhir/SearchParameter/Procedure-category","type":"token"},{"extension":[{"url":"http://hl7.org/fhir/StructureDefinition/capabilitystatement-expectation","valueCode":"SHALL"}],"name":"code","definition":"http://hl7.org/fhir/SearchParameter/clinical-code","type":"token"},{"extension":[{"url":"http://hl7.org/fhir/StructureDefinition/capabilitystatement-expectation","valueCode":"SHALL"}],"name":"date","definition":"http://hl7.org/fhir/SearchParameter/clinical-date","type":"date"},{"extension":[{"url":"http://hl7.org/fhir/StructureDefinition/capabilitystatement-expectation","valueCode":"SHALL"}],"name":"patient","definition":"http://hl7.org/fhir/SearchParameter/clinical-patient","type":"reference"},{"extension":[{"url":"http://hl7.org/fhir/StructureDefinition/capabilitystatement-expectation","valueCode":"SHALL"}],"name":"subject","definition":"http://hl7.org/fhir/SearchParameter/Procedure-subject","type":"reference"},{"extension":[{"url":"http://hl7.org/fhir/StructureDefinition/capabilitystatement-expectation","valueCode":"SHALL"}],"name":"bodySite","definition":"https://www.medizininformatik-initiative.de/fhir/modul-meta/SearchParameter/mii-sp-meta-procedure-bodysite","type":"token"},{"extension":[{"url":"http://hl7.org/fhir/StructureDefinition/capabilitystatement-expectation","valueCode":"SHALL"}],"name":"dokumentationsdatum","definition":"https://www.medizininformatik-initiative.de/fhir/modul-meta/SearchParameter/mii-sp-meta-procedure-dokumentationsdatum","type":"date"},{"extension":[{"url":"http://hl7.org/fhir/StructureDefinition/capabilitystatement-expectation","valueCode":"SHALL"}],"name":"durchfuehrungsabsicht","definition":"https://www.medizininformatik-initiative.de/fhir/modul-meta/SearchParameter/mii-sp-meta-procedure-durchfuehrungsabsicht","type":"token"},{"extension":[{"url":"http://hl7.org/fhir/StructureDefinition/capabilitystatement-expectation","valueCode":"SHALL"}],"name":"ops-seitenlokalisation","definition":"https://www.medizininformatik-initiative.de/fhir/modul-meta/SearchParameter/mii-sp-meta-procedure-ops-seitenlokalisation","type":"token"}]}]}]}