{"resourceType":"ValueSet","id":"mii-vs-person-icd10who","meta":{"profile":["http://hl7.org/fhir/StructureDefinition/shareablevalueset"]},"text":{"status":"generated","div":"<div xmlns=\"http://www.w3.org/1999/xhtml\"><div xml:lang=\"en\" lang=\"en\"><hr/><p><b>English</b></p><hr/><p class=\"res-header-id\"><b>Generated Narrative: ValueSet mii-vs-person-icd10who</b></p><a name=\"mii-vs-person-icd10who\"> </a><a name=\"hcmii-vs-person-icd10who\"> </a><div style=\"display: inline-block; background-color: #d9e0e7; padding: 6px; margin: 4px; border: 1px solid #8da1b4; border-radius: 5px; line-height: 60%\"><p style=\"margin-bottom: 0px\"/><p style=\"margin-bottom: 0px\">Profile: <a href=\"http://hl7.org/fhir/R4/shareablevalueset.html\">Shareable ValueSet</a></p></div><p>This value set includes codes based on the following rules:</p><ul><li>Include all codes defined in <code>http://hl7.org/fhir/sid/icd-10</code><span title=\"Version is explicitly stated to be 2011\"> version &#x1F4CD;</span></li><li>Include all codes defined in <code>http://hl7.org/fhir/sid/icd-10</code><span title=\"Version is explicitly stated to be 2013\"> version &#x1F4CD;</span></li><li>Include all codes defined in <code>http://hl7.org/fhir/sid/icd-10</code><span title=\"Version is explicitly stated to be 2016\"> version &#x1F4CD;</span></li><li>Include all codes defined in <code>http://hl7.org/fhir/sid/icd-10</code><span title=\"Version is explicitly stated to be 2019\"> version &#x1F4CD;</span></li></ul></div><div xml:lang=\"de\" lang=\"de\"><hr/><p><b>German</b></p><hr/><p class=\"res-header-id\"><b>Generated Narrative: ValueSet mii-vs-person-icd10who</b></p><a name=\"de-mii-vs-person-icd10who\"> </a><a name=\"de-hcmii-vs-person-icd10who\"> </a><div style=\"display: inline-block; background-color: #d9e0e7; padding: 6px; margin: 4px; border: 1px solid #8da1b4; border-radius: 5px; line-height: 60%\"><p style=\"margin-bottom: 0px\"/><p style=\"margin-bottom: 0px\">Profile: <a href=\"http://hl7.org/fhir/R4/shareablevalueset.html\">Shareable ValueSet</a></p></div><p>This value set includes codes based on the following rules:</p><ul><li>Include all codes defined in <code>http://hl7.org/fhir/sid/icd-10</code><span title=\"Version is explicitly stated to be 2011\"> version &#x1F4CD;</span></li><li>Include all codes defined in <code>http://hl7.org/fhir/sid/icd-10</code><span title=\"Version is explicitly stated to be 2013\"> version &#x1F4CD;</span></li><li>Include all codes defined in <code>http://hl7.org/fhir/sid/icd-10</code><span title=\"Version is explicitly stated to be 2016\"> version &#x1F4CD;</span></li><li>Include all codes defined in <code>http://hl7.org/fhir/sid/icd-10</code><span title=\"Version is explicitly stated to be 2019\"> version &#x1F4CD;</span></li></ul></div></div>"},"extension":[{"url":"https://www.medizininformatik-initiative.de/fhir/modul-meta/StructureDefinition/mii-ex-meta-license-codeable","valueCodeableConcept":{"coding":[{"system":"http://hl7.org/fhir/spdx-license","code":"CC-BY-4.0","display":"Creative Commons Attribution 4.0 International"}]}}],"url":"https://www.medizininformatik-initiative.de/fhir/core/modul-person/ValueSet/mii-vs-person-icd10who","version":"2026.0.0-dev.1","name":"MII_VS_Person_ICD10WHO","title":"MII VS Person ICD-10-WHO","status":"active","experimental":true,"date":"2025-12-08","publisher":"Medical Informatics Initiative (MII)","_publisher":{"extension":[{"extension":[{"url":"lang","valueCode":"de"},{"url":"content","valueString":"Medizininformatik-Initiative (MII)"}],"url":"http://hl7.org/fhir/StructureDefinition/translation"}]},"contact":[{"name":"Medical Informatics Initiative (MII)","telecom":[{"system":"url","value":"https://www.medizininformatik-initiative.de/en"}]}],"description":"MII VS Person ICD-10-WHO","jurisdiction":[{"coding":[{"system":"urn:iso:std:iso:3166","code":"DE","display":"Germany"}]}],"copyright":"BfArM - Bundesinstitut für Arzneimittel und Medizinprodukte","compose":{"include":[{"system":"http://hl7.org/fhir/sid/icd-10","version":"2011"},{"system":"http://hl7.org/fhir/sid/icd-10","version":"2013"},{"system":"http://hl7.org/fhir/sid/icd-10","version":"2016"},{"system":"http://hl7.org/fhir/sid/icd-10","version":"2019"}]}}