<?xml version="1.0" encoding="UTF-8"?><ValueSet xmlns="http://hl7.org/fhir"><id value="mii-vs-fall-diagnosis-use"/><meta><profile value="http://hl7.org/fhir/StructureDefinition/shareablevalueset"/></meta><text><status value="generated"/><div xmlns="http://www.w3.org/1999/xhtml"><div xml:lang="en" lang="en"><hr/><p><b>English</b></p><hr/><p class="res-header-id"><b>Generated Narrative: ValueSet mii-vs-fall-diagnosis-use</b></p><a name="mii-vs-fall-diagnosis-use"> </a><a name="hcmii-vs-fall-diagnosis-use"> </a><div style="display: inline-block; background-color: #d9e0e7; padding: 6px; margin: 4px; border: 1px solid #8da1b4; border-radius: 5px; line-height: 60%"><p style="margin-bottom: 0px"/><p style="margin-bottom: 0px">Profile: <a href="http://hl7.org/fhir/R4/shareablevalueset.html">Shareable ValueSet</a></p></div><p>This value set includes codes based on the following rules:</p><ul><li>Import all the codes that are contained in <a href="https://simplifier.net/resolve?scope=de.basisprofil.r4@1.5.4&amp;canonical=http://fhir.de/ValueSet/DiagnoseTyp">DiagnoseTyp ValueSet</a></li><li>Import all the codes that are contained in <a href="https://simplifier.net/resolve?scope=de.basisprofil.r4@1.5.4&amp;canonical=http://fhir.de/ValueSet/Diagnosesubtyp">Diagnosesubtyp ValueSet</a></li><li>Import all the codes that are contained in <a href="http://hl7.org/fhir/R4/valueset-diagnosis-role.html">DiagnosisRole</a></li></ul></div><div xml:lang="de" lang="de"><hr/><p><b>German</b></p><hr/><p class="res-header-id"><b>Generated Narrative: ValueSet mii-vs-fall-diagnosis-use</b></p><a name="de-mii-vs-fall-diagnosis-use"> </a><a name="de-hcmii-vs-fall-diagnosis-use"> </a><div style="display: inline-block; background-color: #d9e0e7; padding: 6px; margin: 4px; border: 1px solid #8da1b4; border-radius: 5px; line-height: 60%"><p style="margin-bottom: 0px"/><p style="margin-bottom: 0px">Profile: <a href="http://hl7.org/fhir/R4/shareablevalueset.html">Shareable ValueSet</a></p></div><p>This value set includes codes based on the following rules:</p><ul><li>Import all the codes that are contained in <a href="https://simplifier.net/resolve?scope=de.basisprofil.r4@1.5.4&amp;canonical=http://fhir.de/ValueSet/DiagnoseTyp">DiagnoseTyp ValueSet</a></li><li>Import all the codes that are contained in <a href="https://simplifier.net/resolve?scope=de.basisprofil.r4@1.5.4&amp;canonical=http://fhir.de/ValueSet/Diagnosesubtyp">Diagnosesubtyp ValueSet</a></li><li>Import all the codes that are contained in <a href="http://hl7.org/fhir/R4/valueset-diagnosis-role.html">DiagnosisRole</a></li></ul></div></div></text><extension url="https://www.medizininformatik-initiative.de/fhir/modul-meta/StructureDefinition/mii-ex-meta-license-codeable"><valueCodeableConcept><coding><system value="http://hl7.org/fhir/spdx-license"/><code value="CC-BY-4.0"/><display value="Creative Commons Attribution 4.0 International"/></coding></valueCodeableConcept></extension><url value="https://www.medizininformatik-initiative.de/fhir/core/modul-fall/ValueSet/mii-vs-fall-diagnosis-use"/><version value="2026.0.0-dev.1"/><name value="MII_VS_Fall_Diagnosis_Use"/><title value="MII VS Fall Diagnosis Use"/><status value="active"/><experimental value="false"/><date value="2024-12-10"/><publisher value="Medical Informatics Initiative (MII)"><extension url="http://hl7.org/fhir/StructureDefinition/translation"><extension url="lang"><valueCode value="de"/></extension><extension url="content"><valueString value="Medizininformatik-Initiative (MII)"/></extension></extension></publisher><contact><name value="Medical Informatics Initiative (MII)"/><telecom><system value="url"/><value value="https://www.medizininformatik-initiative.de/en"/></telecom></contact><description value="Diagnosetyp"/><jurisdiction><coding><system value="urn:iso:std:iso:3166"/><code value="DE"/><display value="Germany"/></coding></jurisdiction><compose><include><valueSet value="http://fhir.de/ValueSet/DiagnoseTyp"/></include><include><valueSet value="http://fhir.de/ValueSet/Diagnosesubtyp"/></include><include><valueSet value="http://hl7.org/fhir/ValueSet/diagnosis-role"/></include></compose></ValueSet>