"Id","Path","Slice Name","Alias(s)","Label","Min","Max","Must Support?","Is Modifier?","Is Summary?","Type(s)","Short","Definition","Comments","Requirements","Default Value","Meaning When Missing","Fixed Value","Pattern","Example","Minimum Value","Maximum Value","Maximum Length","Binding Strength","Binding Description","Binding Value Set","Code","Slicing Discriminator","Slicing Description","Slicing Ordered","Slicing Rules","Base Path","Base Min","Base Max","Condition(s)","Constraint(s)","Mapping: Person LogicalModel FHIR Mapping","Mapping: Person LogicalModel AllergyIntolerance Mapping"
"Person","Person","","","",0,*,"","","","null {[]} {[]}
","-- Überschrift --","Logische Repräsentation des Basismoduls Person","","","","","","","","","",,,,,"",,,,"Element",0,*,"ele-1
","ele-1:All FHIR elements must have a @value or children {hasValue() or (children().count() > id.count())}
"
"Person.id","Person.id","","","",0,1,"","","","string {[]} {[]}
","Unique id for inter-element referencing","Unique id for the element within a resource (for internal references). This may be any string value that does not contain spaces.","","","","","","","","","",,,,,"",,,,"Element.id",0,1,"",""
"Person.extension","Person.extension","","extensions
user content","",0,*,"","","","Extension {[]} {[]}
","Additional content defined by implementations","May be used to represent additional information that is not part of the basic definition of the element. To make the use of extensions safe and manageable, there is a strict set of governance  applied to the definition and use of extensions. Though any implementer can define an extension, there is a set of requirements that SHALL be met as part of the definition of the extension.","There can be no stigma associated with the use of extensions by any application, project, or standard - regardless of the institution or jurisdiction that uses or defines the extensions.  The use of extensions is what allows the FHIR specification to retain a core level of simplicity for everyone.","","","","","","","","",,,,,"","value:url}
","Extensions are always sliced by (at least) url",,"open","Element.extension",0,*,"","ele-1:All FHIR elements must have a @value or children {hasValue() or (children().count() > id.count())}
ext-1:Must have either extensions or value[x], not both {extension.exists() != value.exists()}"
"Person.Name","Person.Name","","","",0,*,"","","","BackboneElement {[]} {[]}
","Vollständiger Name einer Person.","Vollständiger Name einer Person.","","","","","","","","","",,,,,"",,,,"Person.Name",0,*,"","ele-1:All FHIR elements must have a @value or children {hasValue() or (children().count() > id.count())}
","Patient.name"
"Person.Name.id","Person.Name.id","","","",0,1,"","","","string {[]} {[]}
","Unique id for inter-element referencing","Unique id for the element within a resource (for internal references). This may be any string value that does not contain spaces.","","","","","","","","","",,,,,"",,,,"Element.id",0,1,"",""
"Person.Name.extension","Person.Name.extension","","extensions
user content","",0,*,"","","","Extension {[]} {[]}
","Additional content defined by implementations","May be used to represent additional information that is not part of the basic definition of the element. To make the use of extensions safe and manageable, there is a strict set of governance  applied to the definition and use of extensions. Though any implementer can define an extension, there is a set of requirements that SHALL be met as part of the definition of the extension.","There can be no stigma associated with the use of extensions by any application, project, or standard - regardless of the institution or jurisdiction that uses or defines the extensions.  The use of extensions is what allows the FHIR specification to retain a core level of simplicity for everyone.","","","","","","","","",,,,,"","value:url}
","Extensions are always sliced by (at least) url",,"open","Element.extension",0,*,"","ele-1:All FHIR elements must have a @value or children {hasValue() or (children().count() > id.count())}
ext-1:Must have either extensions or value[x], not both {extension.exists() != value.exists()}"
"Person.Name.modifierExtension","Person.Name.modifierExtension","","extensions
user contentmodifiers","",0,*,"","Y","Y","Extension {[]} {[]}
","Extensions that cannot be ignored even if unrecognized","May be used to represent additional information that is not part of the basic definition of the element and that modifies the understanding of the element in which it is contained and/or the understanding of the containing element's descendants. Usually modifier elements provide negation or qualification. To make the use of extensions safe and manageable, there is a strict set of governance applied to the definition and use of extensions. Though any implementer can define an extension, there is a set of requirements that SHALL be met as part of the definition of the extension. Applications processing a resource are required to check for modifier extensions.

Modifier extensions SHALL NOT change the meaning of any elements on Resource or DomainResource (including cannot change the meaning of modifierExtension itself).","There can be no stigma associated with the use of extensions by any application, project, or standard - regardless of the institution or jurisdiction that uses or defines the extensions.  The use of extensions is what allows the FHIR specification to retain a core level of simplicity for everyone.","Modifier extensions allow for extensions that *cannot* be safely ignored to be clearly distinguished from the vast majority of extensions which can be safely ignored.  This promotes interoperability by eliminating the need for implementers to prohibit the presence of extensions. For further information, see the [definition of modifier extensions](http://hl7.org/fhir/R4/extensibility.html#modifierExtension).","","","","","","","",,,,,"",,,,"BackboneElement.modifierExtension",0,*,"","ele-1:All FHIR elements must have a @value or children {hasValue() or (children().count() > id.count())}
ext-1:Must have either extensions or value[x], not both {extension.exists() != value.exists()}"
"Person.Name.Vorname","Person.Name.Vorname","","","",0,*,"","","","string {[]} {[]}
","Vollständiger Vorname einer Person.","Vollständiger Vorname einer Person.","","","","","","","","","",,,,,"",,,,"Person.Name.Vorname",0,*,"","","Patient.name.given"
"Person.Name.Nachname","Person.Name.Nachname","","","",0,1,"","","","string {[]} {[]}
","Nachname einer Person ohne Vor- und Zusätze. Dient z.B. der alphabetischen Einordnung des Namens.","Nachname einer Person ohne Vor- und Zusätze. Dient z.B. der alphabetischen Einordnung des Namens.","","","","","","","","","",,,,,"",,,,"Person.Name.Nachname",0,1,"","","Patient.name.family.extension.nachname"
"Person.Name.Familienname","Person.Name.Familienname","","","",0,1,"","","","string {[]} {[]}
","Der vollständige Familienname, einschließlich aller Vorsatz- und Zusatzwörter, mit Leerzeichen getrennt.","Der vollständige Familienname, einschließlich aller Vorsatz- und Zusatzwörter, mit Leerzeichen getrennt.","","","","","","","","","",,,,,"",,,,"Person.Name.Familienname",0,1,"","","Patient.name.family"
"Person.Name.Vorsatzwort","Person.Name.Vorsatzwort","","","",0,1,"","","","string {[]} {[]}
","Vorsatzwort wie z.B.: von, van, zu Vgl. auch VSDM-Spezifikation der Gematik (Versichertenstammdatenmanagement, ""eGK"")","Vorsatzwort wie z.B.: von, van, zu Vgl. auch VSDM-Spezifikation der Gematik (Versichertenstammdatenmanagement, ""eGK"")","","","","","","","","","",,,,,"",,,,"Person.Name.Vorsatzwort",0,1,"","","Patient.name.family.extension.vorsatzwort"
"Person.Name.Namenszusatz","Person.Name.Namenszusatz","","","",0,1,"","","","string {[]} {[]}
","Namenszusatz als Bestandteil das Nachnamens, wie in VSDM (Versichertenstammdatenmanagement, ""eGK"") definiert. Beispiele: Gräfin, Prinz oder Fürst","Namenszusatz als Bestandteil das Nachnamens, wie in VSDM (Versichertenstammdatenmanagement, ""eGK"") definiert. Beispiele: Gräfin, Prinz oder Fürst","","","","","","","","","",,,,,"",,,,"Person.Name.Namenszusatz",0,1,"","","Patient.name.family.extension.namenszusatz"
"Person.Name.Praefix","Person.Name.Praefix","","","",0,*,"","","","string {[]} {[]}
","Namensteile vor dem Vornamen, z.B. akademischer Grad","Namensteile vor dem Vornamen, z.B. akademischer Grad","","","","","","","","","",,,,,"",,,,"Person.Name.Praefix",0,*,"","ele-1:All FHIR elements must have a @value or children {hasValue() or (children().count() > id.count())}
","Patient.name.prefix"
"Person.Name.Praefix.id","Person.Name.Praefix.id","","","",0,1,"","","","string {[]} {[]}
","xml:id (or equivalent in JSON)","unique id for the element within a resource (for internal references)","","","","","","","","","",,,,,"",,,,"Element.id",0,1,"",""
"Person.Name.Praefix.extension","Person.Name.Praefix.extension","","extensions
user content","",0,*,"","","","Extension {[]} {[]}
","Additional content defined by implementations","May be used to represent additional information that is not part of the basic definition of the resource. To make the use of extensions safe and manageable, there is a strict set of governance  applied to the definition and use of extensions. Though any implementer can define an extension, there is a set of requirements that SHALL be met as part of the definition of the extension.","There can be no stigma associated with the use of extensions by any application, project, or standard - regardless of the institution or jurisdiction that uses or defines the extensions.  The use of extensions is what allows the FHIR specification to retain a core level of simplicity for everyone.","","","","","","","","",,,,,"",,,,"Element.extension",0,*,"","ele-1:All FHIR elements must have a @value or children {hasValue() or (children().count() > id.count())}
ext-1:Must have either extensions or value[x], not both {extension.exists() != value.exists()}"
"Person.Name.Praefix.value","Person.Name.Praefix.value","","","",0,1,"","","","string {[]} {[]}
","Primitive value for string","The actual value","","","","","","","","","",1048576,,,,"",,,,"string.value",0,1,"",""
"Person.Name.Praefix.ArtdesPraefixes","Person.Name.Praefix.ArtdesPraefixes","","","",0,1,"","","","code {[]} {[]}
","Art des Präfixes, z.B. ""AC"" für Akademische Titel","Art des Präfixes, z.B. ""AC"" für Akademische Titel","","","","","","","","","",,,,,"",,,,"Person.Name.Praefix.ArtdesPraefixes",0,1,"","","Patient.name.prefix.extension-prefix-qualifier"
"Person.Name.Geburtsname","Person.Name.Geburtsname","","","",0,1,"","","","string {[]} {[]}
","Familienname einer Person zum Zeitpunkt ihrer Geburt. Kann sich danach z.B. durch Heirat und Annahme eines anderen Familiennamens ändern.","Familienname einer Person zum Zeitpunkt ihrer Geburt. Kann sich danach z.B. durch Heirat und Annahme eines anderen Familiennamens ändern.","","","","","","","","","",,,,,"",,,,"Person.Name.Geburtsname",0,1,"","","Patient.name.use"
"Person.Demographie","Person.Demographie","","","",0,*,"","","","BackboneElement {[]} {[]}
","Das Basismodul Demographie enthält demographische Parameter (Alter, Geschlecht etc.).","Das Basismodul Demographie enthält demographische Parameter (Alter, Geschlecht etc.).","","","","","","","","","",,,,,"",,,,"Person.Demographie",0,*,"","ele-1:All FHIR elements must have a @value or children {hasValue() or (children().count() > id.count())}
"
"Person.Demographie.id","Person.Demographie.id","","","",0,1,"","","","string {[]} {[]}
","Unique id for inter-element referencing","Unique id for the element within a resource (for internal references). This may be any string value that does not contain spaces.","","","","","","","","","",,,,,"",,,,"Element.id",0,1,"",""
"Person.Demographie.extension","Person.Demographie.extension","","extensions
user content","",0,*,"","","","Extension {[]} {[]}
","Additional content defined by implementations","May be used to represent additional information that is not part of the basic definition of the element. To make the use of extensions safe and manageable, there is a strict set of governance  applied to the definition and use of extensions. Though any implementer can define an extension, there is a set of requirements that SHALL be met as part of the definition of the extension.","There can be no stigma associated with the use of extensions by any application, project, or standard - regardless of the institution or jurisdiction that uses or defines the extensions.  The use of extensions is what allows the FHIR specification to retain a core level of simplicity for everyone.","","","","","","","","",,,,,"","value:url}
","Extensions are always sliced by (at least) url",,"open","Element.extension",0,*,"","ele-1:All FHIR elements must have a @value or children {hasValue() or (children().count() > id.count())}
ext-1:Must have either extensions or value[x], not both {extension.exists() != value.exists()}"
"Person.Demographie.modifierExtension","Person.Demographie.modifierExtension","","extensions
user contentmodifiers","",0,*,"","Y","Y","Extension {[]} {[]}
","Extensions that cannot be ignored even if unrecognized","May be used to represent additional information that is not part of the basic definition of the element and that modifies the understanding of the element in which it is contained and/or the understanding of the containing element's descendants. Usually modifier elements provide negation or qualification. To make the use of extensions safe and manageable, there is a strict set of governance applied to the definition and use of extensions. Though any implementer can define an extension, there is a set of requirements that SHALL be met as part of the definition of the extension. Applications processing a resource are required to check for modifier extensions.

Modifier extensions SHALL NOT change the meaning of any elements on Resource or DomainResource (including cannot change the meaning of modifierExtension itself).","There can be no stigma associated with the use of extensions by any application, project, or standard - regardless of the institution or jurisdiction that uses or defines the extensions.  The use of extensions is what allows the FHIR specification to retain a core level of simplicity for everyone.","Modifier extensions allow for extensions that *cannot* be safely ignored to be clearly distinguished from the vast majority of extensions which can be safely ignored.  This promotes interoperability by eliminating the need for implementers to prohibit the presence of extensions. For further information, see the [definition of modifier extensions](http://hl7.org/fhir/R4/extensibility.html#modifierExtension).","","","","","","","",,,,,"",,,,"BackboneElement.modifierExtension",0,*,"","ele-1:All FHIR elements must have a @value or children {hasValue() or (children().count() > id.count())}
ext-1:Must have either extensions or value[x], not both {extension.exists() != value.exists()}"
"Person.Demographie.AdministrativesGeschlecht","Person.Demographie.AdministrativesGeschlecht","","","",0,1,"","","","code {[]} {[]}
","Administratives Geschlecht der Person","Administratives Geschlecht der Person","","","","","","","","","",,,,,"",,,,"Person.Demographie.AdministrativesGeschlecht",0,1,"","","Patient.gender"
"Person.Demographie.DokumentiertesGeschlecht","Person.Demographie.DokumentiertesGeschlecht","","","",0,*,"","","","BackboneElement {[]} {[]}
","Dokumentierte Geschlechtsangabe einer Person.","Geschlechtsangabe einer Person aus einem Dokument oder einem anderen Datensatz einschließlich optionaler Angaben zu Art, zeitlicher Gültigkeit und Provenienz. Sie repräsentiert weder eine Geschlechtsidentität noch einen klinisch relevanten Geschlechtsparameter oder Angaben zur Sexualität.","","","","","","","","","",,,,,"",,,,"Person.Demographie.DokumentiertesGeschlecht",0,*,"","ele-1:All FHIR elements must have a @value or children {hasValue() or (children().count() > id.count())}
","Patient.extension:recordedSexOrGender"
"Person.Demographie.DokumentiertesGeschlecht.id","Person.Demographie.DokumentiertesGeschlecht.id","","","",0,1,"","","","string {[]} {[]}
","Unique id for inter-element referencing","Unique id for the element within a resource (for internal references). This may be any string value that does not contain spaces.","","","","","","","","","",,,,,"",,,,"Element.id",0,1,"",""
"Person.Demographie.DokumentiertesGeschlecht.extension","Person.Demographie.DokumentiertesGeschlecht.extension","","extensions
user content","",0,*,"","","","Extension {[]} {[]}
","Additional content defined by implementations","May be used to represent additional information that is not part of the basic definition of the element. To make the use of extensions safe and manageable, there is a strict set of governance  applied to the definition and use of extensions. Though any implementer can define an extension, there is a set of requirements that SHALL be met as part of the definition of the extension.","There can be no stigma associated with the use of extensions by any application, project, or standard - regardless of the institution or jurisdiction that uses or defines the extensions.  The use of extensions is what allows the FHIR specification to retain a core level of simplicity for everyone.","","","","","","","","",,,,,"","value:url}
","Extensions are always sliced by (at least) url",,"open","Element.extension",0,*,"","ele-1:All FHIR elements must have a @value or children {hasValue() or (children().count() > id.count())}
ext-1:Must have either extensions or value[x], not both {extension.exists() != value.exists()}"
"Person.Demographie.DokumentiertesGeschlecht.modifierExtension","Person.Demographie.DokumentiertesGeschlecht.modifierExtension","","extensions
user contentmodifiers","",0,*,"","Y","Y","Extension {[]} {[]}
","Extensions that cannot be ignored even if unrecognized","May be used to represent additional information that is not part of the basic definition of the element and that modifies the understanding of the element in which it is contained and/or the understanding of the containing element's descendants. Usually modifier elements provide negation or qualification. To make the use of extensions safe and manageable, there is a strict set of governance applied to the definition and use of extensions. Though any implementer can define an extension, there is a set of requirements that SHALL be met as part of the definition of the extension. Applications processing a resource are required to check for modifier extensions.

Modifier extensions SHALL NOT change the meaning of any elements on Resource or DomainResource (including cannot change the meaning of modifierExtension itself).","There can be no stigma associated with the use of extensions by any application, project, or standard - regardless of the institution or jurisdiction that uses or defines the extensions.  The use of extensions is what allows the FHIR specification to retain a core level of simplicity for everyone.","Modifier extensions allow for extensions that *cannot* be safely ignored to be clearly distinguished from the vast majority of extensions which can be safely ignored.  This promotes interoperability by eliminating the need for implementers to prohibit the presence of extensions. For further information, see the [definition of modifier extensions](http://hl7.org/fhir/R4/extensibility.html#modifierExtension).","","","","","","","",,,,,"",,,,"BackboneElement.modifierExtension",0,*,"","ele-1:All FHIR elements must have a @value or children {hasValue() or (children().count() > id.count())}
ext-1:Must have either extensions or value[x], not both {extension.exists() != value.exists()}"
"Person.Demographie.DokumentiertesGeschlecht.Wert","Person.Demographie.DokumentiertesGeschlecht.Wert","","","",1,1,"","","","CodeableConcept {[]} {[]}
","Dokumentierte Geschlechtsangabe der Person.","Geschlechtsangabe der Person, wie sie in einem Dokument oder einem anderen Datensatz erfasst wurde.","","","","","","","","","",,"example","","http://hl7.org/fhir/ValueSet/administrative-gender","",,,,"Person.Demographie.DokumentiertesGeschlecht.Wert",1,1,"","","Patient.extension:recordedSexOrGender.extension:value.valueCodeableConcept"
"Person.Demographie.DokumentiertesGeschlecht.Typ","Person.Demographie.DokumentiertesGeschlecht.Typ","","","",0,1,"","","","CodeableConcept {[]} {[]}
","Art der dokumentierten Geschlechtsangabe.","Art oder Kategorie der dokumentierten Geschlechtsangabe, zum Beispiel administratives Geschlecht, administratives biologisches Geschlecht oder bei Geburt zugewiesenes Geschlecht.","","","","","","","","","",,"example","","http://terminology.hl7.org/ValueSet/recorded-sex-or-gender-type","",,,,"Person.Demographie.DokumentiertesGeschlecht.Typ",0,1,"","","Patient.extension:recordedSexOrGender.extension:type.valueCodeableConcept"
"Person.Demographie.DokumentiertesGeschlecht.Gueltigkeitszeitraum","Person.Demographie.DokumentiertesGeschlecht.Gueltigkeitszeitraum","","","",0,1,"","","","Period {[]} {[]}
","Gültigkeitszeitraum der dokumentierten Geschlechtsangabe.","Zeitraum, in dem die dokumentierte Geschlechtsangabe für die Person gilt.","","","","","","","","","",,,,,"",,,,"Person.Demographie.DokumentiertesGeschlecht.Gueltigkeitszeitraum",0,1,"","","Patient.extension:recordedSexOrGender.extension:effectivePeriod.valuePeriod"
"Person.Demographie.DokumentiertesGeschlecht.Erfassungszeitpunkt","Person.Demographie.DokumentiertesGeschlecht.Erfassungszeitpunkt","","","",0,1,"","","","dateTime {[]} {[]}
","Zeitpunkt der Erfassung.","Zeitpunkt, zu dem die dokumentierte Geschlechtsangabe im System erfasst wurde.","","","","","","","","","",,,,,"",,,,"Person.Demographie.DokumentiertesGeschlecht.Erfassungszeitpunkt",0,1,"","","Patient.extension:recordedSexOrGender.extension:acquisitionDate.valueDateTime"
"Person.Demographie.DokumentiertesGeschlecht.Quelle[x]","Person.Demographie.DokumentiertesGeschlecht.Quelle[x]","","","",0,1,"","","","CodeableConcept {[]} {[]}
Reference {[]} {[CanonicalType[http://hl7.org/fhir/StructureDefinition/Organization], CanonicalType[http://hl7.org/fhir/StructureDefinition/Device], CanonicalType[http://hl7.org/fhir/StructureDefinition/RelatedPerson], CanonicalType[http://hl7.org/fhir/StructureDefinition/Practitioner]]}","Quelle der dokumentierten Geschlechtsangabe.","Codierte Angabe oder Referenz auf die Quelle der dokumentierten Geschlechtsangabe.","","","","","","","","","",,,,,"",,,,"Person.Demographie.DokumentiertesGeschlecht.Quelle[x]",0,1,"","","Patient.extension:recordedSexOrGender.extension:source.value[x]"
"Person.Demographie.DokumentiertesGeschlecht.Quelldokument[x]","Person.Demographie.DokumentiertesGeschlecht.Quelldokument[x]","","","",0,1,"","","","CodeableConcept {[]} {[]}
Reference {[]} {[CanonicalType[http://hl7.org/fhir/StructureDefinition/DocumentReference]]}","Quelldokument der dokumentierten Geschlechtsangabe.","Referenz auf das Quelldokument oder codierte Angabe der Dokumentart, in der die Geschlechtsangabe erstmalig erfasst wurde.","","","","","","","","","",,,,,"",,,,"Person.Demographie.DokumentiertesGeschlecht.Quelldokument[x]",0,1,"","","Patient.extension:recordedSexOrGender.extension:sourceDocument.value[x]"
"Person.Demographie.DokumentiertesGeschlecht.ZustaendigerRechtsraum","Person.Demographie.DokumentiertesGeschlecht.ZustaendigerRechtsraum","","","",0,1,"","","","CodeableConcept {[]} {[]}
","Zuständiger Rechtsraum der Quelle.","Rechtsraum, der für die Quelle oder das Quelldokument der erfassten Geschlechtsangabe zuständig ist.","","","","","","","","","",,"extensible","","http://terminology.hl7.org/ValueSet/jurisdiction","",,,,"Person.Demographie.DokumentiertesGeschlecht.ZustaendigerRechtsraum",0,1,"","","Patient.extension:recordedSexOrGender.extension:jurisdiction.valueCodeableConcept"
"Person.Demographie.Geburtsdatum","Person.Demographie.Geburtsdatum","","","",0,1,"","","","date {[]} {[]}
","Geburtsdatum des Person.","Geburtsdatum des Person.","","","","","","","","","",,,,,"",,,,"Person.Demographie.Geburtsdatum",0,1,"","","Patient.birthDate"
"Person.Demographie.Adresse","Person.Demographie.Adresse","","","",0,*,"","","","BackboneElement {[]} {[]}
","Vollständige Anschrift einer Person für die postlische Kommunikation.","Vollständige Anschrift einer Person für die postlische Kommunikation.","","","","","","","","","",,,,,"",,,,"Person.Demographie.Adresse",0,*,"","ele-1:All FHIR elements must have a @value or children {hasValue() or (children().count() > id.count())}
","Patient.address"
"Person.Demographie.Adresse.id","Person.Demographie.Adresse.id","","","",0,1,"","","","string {[]} {[]}
","Unique id for inter-element referencing","Unique id for the element within a resource (for internal references). This may be any string value that does not contain spaces.","","","","","","","","","",,,,,"",,,,"Element.id",0,1,"",""
"Person.Demographie.Adresse.extension","Person.Demographie.Adresse.extension","","extensions
user content","",0,*,"","","","Extension {[]} {[]}
","Additional content defined by implementations","May be used to represent additional information that is not part of the basic definition of the element. To make the use of extensions safe and manageable, there is a strict set of governance  applied to the definition and use of extensions. Though any implementer can define an extension, there is a set of requirements that SHALL be met as part of the definition of the extension.","There can be no stigma associated with the use of extensions by any application, project, or standard - regardless of the institution or jurisdiction that uses or defines the extensions.  The use of extensions is what allows the FHIR specification to retain a core level of simplicity for everyone.","","","","","","","","",,,,,"","value:url}
","Extensions are always sliced by (at least) url",,"open","Element.extension",0,*,"","ele-1:All FHIR elements must have a @value or children {hasValue() or (children().count() > id.count())}
ext-1:Must have either extensions or value[x], not both {extension.exists() != value.exists()}"
"Person.Demographie.Adresse.modifierExtension","Person.Demographie.Adresse.modifierExtension","","extensions
user contentmodifiers","",0,*,"","Y","Y","Extension {[]} {[]}
","Extensions that cannot be ignored even if unrecognized","May be used to represent additional information that is not part of the basic definition of the element and that modifies the understanding of the element in which it is contained and/or the understanding of the containing element's descendants. Usually modifier elements provide negation or qualification. To make the use of extensions safe and manageable, there is a strict set of governance applied to the definition and use of extensions. Though any implementer can define an extension, there is a set of requirements that SHALL be met as part of the definition of the extension. Applications processing a resource are required to check for modifier extensions.

Modifier extensions SHALL NOT change the meaning of any elements on Resource or DomainResource (including cannot change the meaning of modifierExtension itself).","There can be no stigma associated with the use of extensions by any application, project, or standard - regardless of the institution or jurisdiction that uses or defines the extensions.  The use of extensions is what allows the FHIR specification to retain a core level of simplicity for everyone.","Modifier extensions allow for extensions that *cannot* be safely ignored to be clearly distinguished from the vast majority of extensions which can be safely ignored.  This promotes interoperability by eliminating the need for implementers to prohibit the presence of extensions. For further information, see the [definition of modifier extensions](http://hl7.org/fhir/R4/extensibility.html#modifierExtension).","","","","","","","",,,,,"",,,,"BackboneElement.modifierExtension",0,*,"","ele-1:All FHIR elements must have a @value or children {hasValue() or (children().count() > id.count())}
ext-1:Must have either extensions or value[x], not both {extension.exists() != value.exists()}"
"Person.Demographie.Adresse.Strassenanschrift","Person.Demographie.Adresse.Strassenanschrift","","","",0,*,"","","","BackboneElement {[]} {[]}
","Eine Adresse für die Strassenanschrift gemäß postalischer Konventionen. Bei Stadtstaaten einschließlich Bezirken.","Eine Adresse für die Strassenanschrift gemäß postalischer Konventionen. Bei Stadtstaaten einschließlich Bezirken.","","","","","","","","","",,,,,"",,,,"Person.Demographie.Adresse.Strassenanschrift",0,*,"","ele-1:All FHIR elements must have a @value or children {hasValue() or (children().count() > id.count())}
"
"Person.Demographie.Adresse.Strassenanschrift.id","Person.Demographie.Adresse.Strassenanschrift.id","","","",0,1,"","","","string {[]} {[]}
","Unique id for inter-element referencing","Unique id for the element within a resource (for internal references). This may be any string value that does not contain spaces.","","","","","","","","","",,,,,"",,,,"Element.id",0,1,"",""
"Person.Demographie.Adresse.Strassenanschrift.extension","Person.Demographie.Adresse.Strassenanschrift.extension","","extensions
user content","",0,*,"","","","Extension {[]} {[]}
","Additional content defined by implementations","May be used to represent additional information that is not part of the basic definition of the element. To make the use of extensions safe and manageable, there is a strict set of governance  applied to the definition and use of extensions. Though any implementer can define an extension, there is a set of requirements that SHALL be met as part of the definition of the extension.","There can be no stigma associated with the use of extensions by any application, project, or standard - regardless of the institution or jurisdiction that uses or defines the extensions.  The use of extensions is what allows the FHIR specification to retain a core level of simplicity for everyone.","","","","","","","","",,,,,"","value:url}
","Extensions are always sliced by (at least) url",,"open","Element.extension",0,*,"","ele-1:All FHIR elements must have a @value or children {hasValue() or (children().count() > id.count())}
ext-1:Must have either extensions or value[x], not both {extension.exists() != value.exists()}"
"Person.Demographie.Adresse.Strassenanschrift.modifierExtension","Person.Demographie.Adresse.Strassenanschrift.modifierExtension","","extensions
user contentmodifiers","",0,*,"","Y","Y","Extension {[]} {[]}
","Extensions that cannot be ignored even if unrecognized","May be used to represent additional information that is not part of the basic definition of the element and that modifies the understanding of the element in which it is contained and/or the understanding of the containing element's descendants. Usually modifier elements provide negation or qualification. To make the use of extensions safe and manageable, there is a strict set of governance applied to the definition and use of extensions. Though any implementer can define an extension, there is a set of requirements that SHALL be met as part of the definition of the extension. Applications processing a resource are required to check for modifier extensions.

Modifier extensions SHALL NOT change the meaning of any elements on Resource or DomainResource (including cannot change the meaning of modifierExtension itself).","There can be no stigma associated with the use of extensions by any application, project, or standard - regardless of the institution or jurisdiction that uses or defines the extensions.  The use of extensions is what allows the FHIR specification to retain a core level of simplicity for everyone.","Modifier extensions allow for extensions that *cannot* be safely ignored to be clearly distinguished from the vast majority of extensions which can be safely ignored.  This promotes interoperability by eliminating the need for implementers to prohibit the presence of extensions. For further information, see the [definition of modifier extensions](http://hl7.org/fhir/R4/extensibility.html#modifierExtension).","","","","","","","",,,,,"",,,,"BackboneElement.modifierExtension",0,*,"","ele-1:All FHIR elements must have a @value or children {hasValue() or (children().count() > id.count())}
ext-1:Must have either extensions or value[x], not both {extension.exists() != value.exists()}"
"Person.Demographie.Adresse.Strassenanschrift.Land","Person.Demographie.Adresse.Strassenanschrift.Land","","","",1,1,"","","","string {[]} {[]}
","Ländercode nach ISO 3166.","Ländercode nach ISO 3166.","","","","","","","","","",,,,,"",,,,"Person.Demographie.Adresse.Strassenanschrift.Land",1,1,"","","Patient.address.country"
"Person.Demographie.Adresse.Strassenanschrift.PLZ","Person.Demographie.Adresse.Strassenanschrift.PLZ","","","",1,1,"","","","string {[]} {[]}
","Postleitzahl gemäß der im jeweiligen Land gültigen Konventionen.","Postleitzahl gemäß der im jeweiligen Land gültigen Konventionen.","","","","","","","","","",,,,,"",,,,"Person.Demographie.Adresse.Strassenanschrift.PLZ",1,1,"","","Patient.address.postalCode"
"Person.Demographie.Adresse.Strassenanschrift.Wohnort","Person.Demographie.Adresse.Strassenanschrift.Wohnort","","","",1,1,"","","","string {[]} {[]}
","Bei Personen aus Stadtstaaten inklusive des Stadtteils.","Bei Personen aus Stadtstaaten inklusive des Stadtteils.","","","","","","","","","",,,,,"",,,,"Person.Demographie.Adresse.Strassenanschrift.Wohnort",1,1,"","","Patient.address.city + Patient.address.extension.Stadtteil"
"Person.Demographie.Adresse.Strassenanschrift.Strasse","Person.Demographie.Adresse.Strassenanschrift.Strasse","","","",1,1,"","","","string {[]} {[]}
","Straßenname mit Hausnummer oder Postfach sowie weitere Angaben zur Zustellung.","Straßenname mit Hausnummer oder Postfach sowie weitere Angaben zur Zustellung.","","","","","","","","","",,,,,"",,,,"Person.Demographie.Adresse.Strassenanschrift.Strasse",1,1,"","","Patient.address.line"
"Person.Demographie.Adresse.Postfach","Person.Demographie.Adresse.Postfach","","","",0,*,"","","","BackboneElement {[]} {[]}
","Eine Adresse für ein Postfach gemäß postalischer Konventionen. Bei Stadtstaaten einschließlich Bezirken.","Eine Adresse für ein Postfach gemäß postalischer Konventionen. Bei Stadtstaaten einschließlich Bezirken.","","","","","","","","","",,,,,"",,,,"Person.Demographie.Adresse.Postfach",0,*,"","ele-1:All FHIR elements must have a @value or children {hasValue() or (children().count() > id.count())}
"
"Person.Demographie.Adresse.Postfach.id","Person.Demographie.Adresse.Postfach.id","","","",0,1,"","","","string {[]} {[]}
","Unique id for inter-element referencing","Unique id for the element within a resource (for internal references). This may be any string value that does not contain spaces.","","","","","","","","","",,,,,"",,,,"Element.id",0,1,"",""
"Person.Demographie.Adresse.Postfach.extension","Person.Demographie.Adresse.Postfach.extension","","extensions
user content","",0,*,"","","","Extension {[]} {[]}
","Additional content defined by implementations","May be used to represent additional information that is not part of the basic definition of the element. To make the use of extensions safe and manageable, there is a strict set of governance  applied to the definition and use of extensions. Though any implementer can define an extension, there is a set of requirements that SHALL be met as part of the definition of the extension.","There can be no stigma associated with the use of extensions by any application, project, or standard - regardless of the institution or jurisdiction that uses or defines the extensions.  The use of extensions is what allows the FHIR specification to retain a core level of simplicity for everyone.","","","","","","","","",,,,,"","value:url}
","Extensions are always sliced by (at least) url",,"open","Element.extension",0,*,"","ele-1:All FHIR elements must have a @value or children {hasValue() or (children().count() > id.count())}
ext-1:Must have either extensions or value[x], not both {extension.exists() != value.exists()}"
"Person.Demographie.Adresse.Postfach.modifierExtension","Person.Demographie.Adresse.Postfach.modifierExtension","","extensions
user contentmodifiers","",0,*,"","Y","Y","Extension {[]} {[]}
","Extensions that cannot be ignored even if unrecognized","May be used to represent additional information that is not part of the basic definition of the element and that modifies the understanding of the element in which it is contained and/or the understanding of the containing element's descendants. Usually modifier elements provide negation or qualification. To make the use of extensions safe and manageable, there is a strict set of governance applied to the definition and use of extensions. Though any implementer can define an extension, there is a set of requirements that SHALL be met as part of the definition of the extension. Applications processing a resource are required to check for modifier extensions.

Modifier extensions SHALL NOT change the meaning of any elements on Resource or DomainResource (including cannot change the meaning of modifierExtension itself).","There can be no stigma associated with the use of extensions by any application, project, or standard - regardless of the institution or jurisdiction that uses or defines the extensions.  The use of extensions is what allows the FHIR specification to retain a core level of simplicity for everyone.","Modifier extensions allow for extensions that *cannot* be safely ignored to be clearly distinguished from the vast majority of extensions which can be safely ignored.  This promotes interoperability by eliminating the need for implementers to prohibit the presence of extensions. For further information, see the [definition of modifier extensions](http://hl7.org/fhir/R4/extensibility.html#modifierExtension).","","","","","","","",,,,,"",,,,"BackboneElement.modifierExtension",0,*,"","ele-1:All FHIR elements must have a @value or children {hasValue() or (children().count() > id.count())}
ext-1:Must have either extensions or value[x], not both {extension.exists() != value.exists()}"
"Person.Demographie.Adresse.Postfach.Land","Person.Demographie.Adresse.Postfach.Land","","","",1,1,"","","","string {[]} {[]}
","Ländercode nach ISO 3166.","Ländercode nach ISO 3166.","","","","","","","","","",,,,,"",,,,"Person.Demographie.Adresse.Postfach.Land",1,1,"","","Patient.address.country"
"Person.Demographie.Adresse.Postfach.PLZ","Person.Demographie.Adresse.Postfach.PLZ","","","",1,1,"","","","string {[]} {[]}
","Postleitzahl gemäß der im jeweiligen Land gültigen Konventionen.","Postleitzahl gemäß der im jeweiligen Land gültigen Konventionen.","","","","","","","","","",,,,,"",,,,"Person.Demographie.Adresse.Postfach.PLZ",1,1,"","","Patient.address.postalCode"
"Person.Demographie.Adresse.Postfach.Wohnort","Person.Demographie.Adresse.Postfach.Wohnort","","","",1,1,"","","","string {[]} {[]}
","Bei Personen aus Stadtstaaten inklusive des Stadtteils.","Bei Personen aus Stadtstaaten inklusive des Stadtteils.","","","","","","","","","",,,,,"",,,,"Person.Demographie.Adresse.Postfach.Wohnort",1,1,"","","Patient.address.city + Patient.address.extension.Stadtteil"
"Person.Demographie.Adresse.Postfach.Strasse","Person.Demographie.Adresse.Postfach.Strasse","","","",1,1,"","","","string {[]} {[]}
","Straßenname mit Hausnummer oder Postfach sowie weitere Angaben zur Zustellung.","Straßenname mit Hausnummer oder Postfach sowie weitere Angaben zur Zustellung.","","","","","","","","","",,,,,"",,,,"Person.Demographie.Adresse.Postfach.Strasse",1,1,"","","Patient.address.line"
"Person.Demographie.Vitalstatus","Person.Demographie.Vitalstatus","","","",0,*,"","","","BackboneElement {[]} {[]}
","Gibt an, ob ein Patient verstorben ist. Falls ja, zudem den Zeitpunkt.","Gibt an, ob ein Patient verstorben ist. Falls ja, zudem den Zeitpunkt.","","","","","","","","","",,,,,"",,,,"Person.Demographie.Vitalstatus",0,*,"","ele-1:All FHIR elements must have a @value or children {hasValue() or (children().count() > id.count())}
"
"Person.Demographie.Vitalstatus.id","Person.Demographie.Vitalstatus.id","","","",0,1,"","","","string {[]} {[]}
","Unique id for inter-element referencing","Unique id for the element within a resource (for internal references). This may be any string value that does not contain spaces.","","","","","","","","","",,,,,"",,,,"Element.id",0,1,"",""
"Person.Demographie.Vitalstatus.extension","Person.Demographie.Vitalstatus.extension","","extensions
user content","",0,*,"","","","Extension {[]} {[]}
","Additional content defined by implementations","May be used to represent additional information that is not part of the basic definition of the element. To make the use of extensions safe and manageable, there is a strict set of governance  applied to the definition and use of extensions. Though any implementer can define an extension, there is a set of requirements that SHALL be met as part of the definition of the extension.","There can be no stigma associated with the use of extensions by any application, project, or standard - regardless of the institution or jurisdiction that uses or defines the extensions.  The use of extensions is what allows the FHIR specification to retain a core level of simplicity for everyone.","","","","","","","","",,,,,"","value:url}
","Extensions are always sliced by (at least) url",,"open","Element.extension",0,*,"","ele-1:All FHIR elements must have a @value or children {hasValue() or (children().count() > id.count())}
ext-1:Must have either extensions or value[x], not both {extension.exists() != value.exists()}"
"Person.Demographie.Vitalstatus.modifierExtension","Person.Demographie.Vitalstatus.modifierExtension","","extensions
user contentmodifiers","",0,*,"","Y","Y","Extension {[]} {[]}
","Extensions that cannot be ignored even if unrecognized","May be used to represent additional information that is not part of the basic definition of the element and that modifies the understanding of the element in which it is contained and/or the understanding of the containing element's descendants. Usually modifier elements provide negation or qualification. To make the use of extensions safe and manageable, there is a strict set of governance applied to the definition and use of extensions. Though any implementer can define an extension, there is a set of requirements that SHALL be met as part of the definition of the extension. Applications processing a resource are required to check for modifier extensions.

Modifier extensions SHALL NOT change the meaning of any elements on Resource or DomainResource (including cannot change the meaning of modifierExtension itself).","There can be no stigma associated with the use of extensions by any application, project, or standard - regardless of the institution or jurisdiction that uses or defines the extensions.  The use of extensions is what allows the FHIR specification to retain a core level of simplicity for everyone.","Modifier extensions allow for extensions that *cannot* be safely ignored to be clearly distinguished from the vast majority of extensions which can be safely ignored.  This promotes interoperability by eliminating the need for implementers to prohibit the presence of extensions. For further information, see the [definition of modifier extensions](http://hl7.org/fhir/R4/extensibility.html#modifierExtension).","","","","","","","",,,,,"",,,,"BackboneElement.modifierExtension",0,*,"","ele-1:All FHIR elements must have a @value or children {hasValue() or (children().count() > id.count())}
ext-1:Must have either extensions or value[x], not both {extension.exists() != value.exists()}"
"Person.Demographie.Vitalstatus.PatientVerstorben","Person.Demographie.Vitalstatus.PatientVerstorben","","","",0,1,"","","","boolean {[]} {[]}
","Gibt an, ob der Patient am Leben oder verstorben ist.","Gibt an, ob der Patient am Leben oder verstorben ist.","","","","","","","","","",,,,,"",,,,"Person.Demographie.Vitalstatus.PatientVerstorben",0,1,"","","Patient.deceased[x]"
"Person.Demographie.Vitalstatus.Todeszeitpunkt","Person.Demographie.Vitalstatus.Todeszeitpunkt","","","",0,1,"","","","dateTime {[]} {[]}
","Gibt den Todeszeitpunkt des Patienten an, falls dieser im KH verstorben ist. Ansonsten ""Null Flavor"".","Gibt den Todeszeitpunkt des Patienten an, falls dieser im KH verstorben ist. Ansonsten ""Null Flavor"".","","","","","","","","","",,,,,"",,,,"Person.Demographie.Vitalstatus.Todeszeitpunkt",0,1,"","","Patient.deceased[x]"
"Person.Demographie.Vitalstatus.Informationsquelle","Person.Demographie.Vitalstatus.Informationsquelle","","","",0,*,"","","","string {[]} {[]}
","Quelle des Vitalstatus.","Quelle des Vitalstatus.","","","","","","","","","",,,,,"",,,,"Person.Demographie.Vitalstatus.Informationsquelle",0,*,"",""
"Person.Demographie.Vitalstatus.ZeitpunktFeststellungDesVitalstatus","Person.Demographie.Vitalstatus.ZeitpunktFeststellungDesVitalstatus","","","",1,1,"","","","dateTime {[]} {[]}
","Letzter bekannter Zeitpunkt oder Zeitraum, zudem ein Vitalstatus festgestellt wurde","Letzter bekannter Zeitpunkt oder Zeitraum, zudem ein Vitalstatus festgestellt wurde","","","","","","","","","",,,,,"",,,,"Person.Demographie.Vitalstatus.ZeitpunktFeststellungDesVitalstatus",1,1,"",""
"Person.Demographie.Vitalstatus.Todesursache","Person.Demographie.Vitalstatus.Todesursache","","","",0,1,"","","","CodeableConcept {[]} {[]}
","Todesursache mit ICD-10-WHO codiert.","Todesursache mit ICD-10-WHO codiert.","","","","","","","","","",,,,,"",,,,"Person.Demographie.Vitalstatus.Todesursache",0,1,"",""
"Person.AllergieOderUnvertraeglichkeit","Person.AllergieOderUnvertraeglichkeit","","","",0,*,"","","","BackboneElement {[]} {[]}
","Allergie oder Unverträglichkeit","Dokumentierte Einschätzung einer patientenbezogenen Allergie oder Unverträglichkeit, die mit dem Risiko einer schädlichen oder unerwünschten Reaktion bei Exposition gegenüber einem bestimmten Stoff, Produkt oder einer Stoffklasse verbunden ist.","","","","","","","","","",,,,,"",,,,"Person.AllergieOderUnvertraeglichkeit",0,*,"","ele-1:All FHIR elements must have a @value or children {hasValue() or (children().count() > id.count())}
","AllergyIntolerance"
"Person.AllergieOderUnvertraeglichkeit.id","Person.AllergieOderUnvertraeglichkeit.id","","","",0,1,"","","","string {[]} {[]}
","Unique id for inter-element referencing","Unique id for the element within a resource (for internal references). This may be any string value that does not contain spaces.","","","","","","","","","",,,,,"",,,,"Element.id",0,1,"",""
"Person.AllergieOderUnvertraeglichkeit.extension","Person.AllergieOderUnvertraeglichkeit.extension","","extensions
user content","",0,*,"","","","Extension {[]} {[]}
","Additional content defined by implementations","May be used to represent additional information that is not part of the basic definition of the element. To make the use of extensions safe and manageable, there is a strict set of governance  applied to the definition and use of extensions. Though any implementer can define an extension, there is a set of requirements that SHALL be met as part of the definition of the extension.","There can be no stigma associated with the use of extensions by any application, project, or standard - regardless of the institution or jurisdiction that uses or defines the extensions.  The use of extensions is what allows the FHIR specification to retain a core level of simplicity for everyone.","","","","","","","","",,,,,"","value:url}
","Extensions are always sliced by (at least) url",,"open","Element.extension",0,*,"","ele-1:All FHIR elements must have a @value or children {hasValue() or (children().count() > id.count())}
ext-1:Must have either extensions or value[x], not both {extension.exists() != value.exists()}"
"Person.AllergieOderUnvertraeglichkeit.modifierExtension","Person.AllergieOderUnvertraeglichkeit.modifierExtension","","extensions
user contentmodifiers","",0,*,"","Y","Y","Extension {[]} {[]}
","Extensions that cannot be ignored even if unrecognized","May be used to represent additional information that is not part of the basic definition of the element and that modifies the understanding of the element in which it is contained and/or the understanding of the containing element's descendants. Usually modifier elements provide negation or qualification. To make the use of extensions safe and manageable, there is a strict set of governance applied to the definition and use of extensions. Though any implementer can define an extension, there is a set of requirements that SHALL be met as part of the definition of the extension. Applications processing a resource are required to check for modifier extensions.

Modifier extensions SHALL NOT change the meaning of any elements on Resource or DomainResource (including cannot change the meaning of modifierExtension itself).","There can be no stigma associated with the use of extensions by any application, project, or standard - regardless of the institution or jurisdiction that uses or defines the extensions.  The use of extensions is what allows the FHIR specification to retain a core level of simplicity for everyone.","Modifier extensions allow for extensions that *cannot* be safely ignored to be clearly distinguished from the vast majority of extensions which can be safely ignored.  This promotes interoperability by eliminating the need for implementers to prohibit the presence of extensions. For further information, see the [definition of modifier extensions](http://hl7.org/fhir/R4/extensibility.html#modifierExtension).","","","","","","","",,,,,"",,,,"BackboneElement.modifierExtension",0,*,"","ele-1:All FHIR elements must have a @value or children {hasValue() or (children().count() > id.count())}
ext-1:Must have either extensions or value[x], not both {extension.exists() != value.exists()}"
"Person.AllergieOderUnvertraeglichkeit.KlinischerStatus","Person.AllergieOderUnvertraeglichkeit.KlinischerStatus","","","",0,1,"","","","CodeableConcept {[]} {[]}
","Klinischer Status","Klinischer Zustand der Allergie oder Unverträglichkeit, beispielsweise aktiv, inaktiv oder abgeklungen.","","","","","","","","","",,"required","","http://hl7.org/fhir/ValueSet/allergyintolerance-clinical","",,,,"Person.AllergieOderUnvertraeglichkeit.KlinischerStatus",0,1,"","","AllergyIntolerance.clinicalStatus"
"Person.AllergieOderUnvertraeglichkeit.Verifikationsstatus","Person.AllergieOderUnvertraeglichkeit.Verifikationsstatus","","","",0,1,"","","","CodeableConcept {[]} {[]}
","Verifikationsstatus","Grad der fachlichen Bestätigung der Allergie oder Unverträglichkeit, beispielsweise unbestätigt, bestätigt oder widerlegt.","","","","","","","","","",,"required","","http://hl7.org/fhir/ValueSet/allergyintolerance-verification","",,,,"Person.AllergieOderUnvertraeglichkeit.Verifikationsstatus",0,1,"","","AllergyIntolerance.verificationStatus"
"Person.AllergieOderUnvertraeglichkeit.Art","Person.AllergieOderUnvertraeglichkeit.Art","","","",0,1,"","","","code {[]} {[]}
","Art","Einordnung als Allergie oder Unverträglichkeit, sofern der zugrunde liegende Mechanismus bekannt ist.","","","","","","","","","",,"required","","http://hl7.org/fhir/ValueSet/allergy-intolerance-type","",,,,"Person.AllergieOderUnvertraeglichkeit.Art",0,1,"","","AllergyIntolerance.type"
"Person.AllergieOderUnvertraeglichkeit.Kategorie","Person.AllergieOderUnvertraeglichkeit.Kategorie","","","",0,1,"","","","code {[]} {[]}
","Kategorie","Kategorie des auslösenden Stoffes, beispielsweise Arzneimittel, Lebensmittel, Umweltstoff oder biologischer Stoff.","","","","","","","","","",,"required","","http://hl7.org/fhir/ValueSet/allergy-intolerance-category","",,,,"Person.AllergieOderUnvertraeglichkeit.Kategorie",0,1,"","","AllergyIntolerance.category"
"Person.AllergieOderUnvertraeglichkeit.Kritikalitaet","Person.AllergieOderUnvertraeglichkeit.Kritikalitaet","","","",0,1,"","","","code {[]} {[]}
","Kritikalität","Einschätzung des potenziellen klinischen Schadens bei einer zukünftigen Exposition.","","","","","","","","","",,"required","","http://hl7.org/fhir/ValueSet/allergy-intolerance-criticality","",,,,"Person.AllergieOderUnvertraeglichkeit.Kritikalitaet",0,1,"","","AllergyIntolerance.criticality"
"Person.AllergieOderUnvertraeglichkeit.AllergieOderUnvertraeglichkeitGegen","Person.AllergieOderUnvertraeglichkeit.AllergieOderUnvertraeglichkeitGegen","","","",1,1,"","","","CodeableConcept {[]} {[]}
","Allergie oder Unverträglichkeit gegen","Stoff, Produkt, Stoffklasse oder Allergie-/Unverträglichkeitsbegriff, auf den sich die dokumentierte Gefährdung bezieht.","","","","","","","","","",,"example","","http://hl7.org/fhir/ValueSet/allergyintolerance-code","",,,,"Person.AllergieOderUnvertraeglichkeit.AllergieOderUnvertraeglichkeitGegen",1,1,"","","AllergyIntolerance.code"
"Person.AllergieOderUnvertraeglichkeit.Patient","Person.AllergieOderUnvertraeglichkeit.Patient","","","",1,1,"","","","Reference {[]} {[CanonicalType[http://hl7.org/fhir/StructureDefinition/Patient]]}
","Patient","Patient, bei dem die Allergie oder Unverträglichkeit besteht beziehungsweise dokumentiert wurde.","","","","","","","","","",,,,,"",,,,"Person.AllergieOderUnvertraeglichkeit.Patient",1,1,"","","AllergyIntolerance.patient"
"Person.AllergieOderUnvertraeglichkeit.Kontakt","Person.AllergieOderUnvertraeglichkeit.Kontakt","","","",0,1,"","","","Reference {[]} {[CanonicalType[http://hl7.org/fhir/StructureDefinition/Encounter]]}
","Kontakt","Kontakt, in dessen Zusammenhang die Allergie oder Unverträglichkeit dokumentiert wurde.","","","","","","","","","",,,,,"",,,,"Person.AllergieOderUnvertraeglichkeit.Kontakt",0,1,"","","AllergyIntolerance.encounter"
"Person.AllergieOderUnvertraeglichkeit.Beginn[x]","Person.AllergieOderUnvertraeglichkeit.Beginn[x]","","","",0,1,"","","","dateTime {[]} {[]}
Age {[]} {[]}Period {[]} {[]}Range {[]} {[]}string {[]} {[]}","Beginn","Zeitpunkt, Zeitraum, Lebensalter oder andere zeitliche Angabe zum erstmaligen Auftreten der Allergie oder Unverträglichkeit.","","","","","","","","","",,,,,"",,,,"Person.AllergieOderUnvertraeglichkeit.Beginn[x]",0,1,"","","AllergyIntolerance.onset[x]"
"Person.AllergieOderUnvertraeglichkeit.Dokumentationsdatum","Person.AllergieOderUnvertraeglichkeit.Dokumentationsdatum","","","",0,1,"","","","dateTime {[]} {[]}
","Dokumentationsdatum","Zeitpunkt, zu dem die Allergie oder Unverträglichkeit erstmals im dokumentierenden System erfasst wurde.","","","","","","","","","",,,,,"",,,,"Person.AllergieOderUnvertraeglichkeit.Dokumentationsdatum",0,1,"","","AllergyIntolerance.recordedDate"
"Person.AllergieOderUnvertraeglichkeit.UnerwuenschteReaktion","Person.AllergieOderUnvertraeglichkeit.UnerwuenschteReaktion","","","",0,*,"","","","BackboneElement {[]} {[]}
","Unerwünschte Reaktion","Angaben zu einer beobachteten unerwünschten Reaktion nach Exposition gegenüber dem betreffenden Stoff oder Produkt.","","","","","","","","","",,,,,"",,,,"Person.AllergieOderUnvertraeglichkeit.UnerwuenschteReaktion",0,*,"","ele-1:All FHIR elements must have a @value or children {hasValue() or (children().count() > id.count())}
","AllergyIntolerance.reaction"
"Person.AllergieOderUnvertraeglichkeit.UnerwuenschteReaktion.id","Person.AllergieOderUnvertraeglichkeit.UnerwuenschteReaktion.id","","","",0,1,"","","","string {[]} {[]}
","Unique id for inter-element referencing","Unique id for the element within a resource (for internal references). This may be any string value that does not contain spaces.","","","","","","","","","",,,,,"",,,,"Element.id",0,1,"",""
"Person.AllergieOderUnvertraeglichkeit.UnerwuenschteReaktion.extension","Person.AllergieOderUnvertraeglichkeit.UnerwuenschteReaktion.extension","","extensions
user content","",0,*,"","","","Extension {[]} {[]}
","Additional content defined by implementations","May be used to represent additional information that is not part of the basic definition of the element. To make the use of extensions safe and manageable, there is a strict set of governance  applied to the definition and use of extensions. Though any implementer can define an extension, there is a set of requirements that SHALL be met as part of the definition of the extension.","There can be no stigma associated with the use of extensions by any application, project, or standard - regardless of the institution or jurisdiction that uses or defines the extensions.  The use of extensions is what allows the FHIR specification to retain a core level of simplicity for everyone.","","","","","","","","",,,,,"","value:url}
","Extensions are always sliced by (at least) url",,"open","Element.extension",0,*,"","ele-1:All FHIR elements must have a @value or children {hasValue() or (children().count() > id.count())}
ext-1:Must have either extensions or value[x], not both {extension.exists() != value.exists()}"
"Person.AllergieOderUnvertraeglichkeit.UnerwuenschteReaktion.modifierExtension","Person.AllergieOderUnvertraeglichkeit.UnerwuenschteReaktion.modifierExtension","","extensions
user contentmodifiers","",0,*,"","Y","Y","Extension {[]} {[]}
","Extensions that cannot be ignored even if unrecognized","May be used to represent additional information that is not part of the basic definition of the element and that modifies the understanding of the element in which it is contained and/or the understanding of the containing element's descendants. Usually modifier elements provide negation or qualification. To make the use of extensions safe and manageable, there is a strict set of governance applied to the definition and use of extensions. Though any implementer can define an extension, there is a set of requirements that SHALL be met as part of the definition of the extension. Applications processing a resource are required to check for modifier extensions.

Modifier extensions SHALL NOT change the meaning of any elements on Resource or DomainResource (including cannot change the meaning of modifierExtension itself).","There can be no stigma associated with the use of extensions by any application, project, or standard - regardless of the institution or jurisdiction that uses or defines the extensions.  The use of extensions is what allows the FHIR specification to retain a core level of simplicity for everyone.","Modifier extensions allow for extensions that *cannot* be safely ignored to be clearly distinguished from the vast majority of extensions which can be safely ignored.  This promotes interoperability by eliminating the need for implementers to prohibit the presence of extensions. For further information, see the [definition of modifier extensions](http://hl7.org/fhir/R4/extensibility.html#modifierExtension).","","","","","","","",,,,,"",,,,"BackboneElement.modifierExtension",0,*,"","ele-1:All FHIR elements must have a @value or children {hasValue() or (children().count() > id.count())}
ext-1:Must have either extensions or value[x], not both {extension.exists() != value.exists()}"
"Person.AllergieOderUnvertraeglichkeit.UnerwuenschteReaktion.Manifestation","Person.AllergieOderUnvertraeglichkeit.UnerwuenschteReaktion.Manifestation","","","",1,*,"","","","CodeableConcept {[]} {[]}
","Manifestation","Klinische Symptome oder Befunde, die im Zusammenhang mit der unerwünschten Reaktion beobachtet wurden.","","","","","","","","","",,"example","","http://hl7.org/fhir/ValueSet/clinical-findings","",,,,"Person.AllergieOderUnvertraeglichkeit.UnerwuenschteReaktion.Manifestation",1,*,"","","AllergyIntolerance.reaction.manifestation"
"Person.AllergieOderUnvertraeglichkeit.UnerwuenschteReaktion.Schweregrad","Person.AllergieOderUnvertraeglichkeit.UnerwuenschteReaktion.Schweregrad","","","",0,1,"","","","code {[]} {[]}
","Schweregrad","Schweregrad der tatsächlich aufgetretenen Reaktion.","","","","","","","","","",,"required","","http://hl7.org/fhir/ValueSet/reaction-event-severity","",,,,"Person.AllergieOderUnvertraeglichkeit.UnerwuenschteReaktion.Schweregrad",0,1,"","","AllergyIntolerance.reaction.severity"
"Person.AllergieOderUnvertraeglichkeit.UnerwuenschteReaktion.Expositionsweg","Person.AllergieOderUnvertraeglichkeit.UnerwuenschteReaktion.Expositionsweg","","","",0,1,"","","","CodeableConcept {[]} {[]}
","Expositionsweg","Weg, über den der Patient dem auslösenden Stoff oder Produkt ausgesetzt war.","","","","","","","","","",,"example","","http://hl7.org/fhir/ValueSet/route-codes","",,,,"Person.AllergieOderUnvertraeglichkeit.UnerwuenschteReaktion.Expositionsweg",0,1,"","","AllergyIntolerance.reaction.exposureRoute"
"Person.PatientIn","Person.PatientIn","","","",0,*,"","","","BackboneElement {[]} {[]}
","Person, die in einer oder mehreren Gesundheitseinrichtungen behandelt wird","Person, die in einer oder mehreren Gesundheitseinrichtungen behandelt wird","","","","","","","","","",,,,,"",,,,"Person.PatientIn",0,*,"","ele-1:All FHIR elements must have a @value or children {hasValue() or (children().count() > id.count())}
"
"Person.PatientIn.id","Person.PatientIn.id","","","",0,1,"","","","string {[]} {[]}
","Unique id for inter-element referencing","Unique id for the element within a resource (for internal references). This may be any string value that does not contain spaces.","","","","","","","","","",,,,,"",,,,"Element.id",0,1,"",""
"Person.PatientIn.extension","Person.PatientIn.extension","","extensions
user content","",0,*,"","","","Extension {[]} {[]}
","Additional content defined by implementations","May be used to represent additional information that is not part of the basic definition of the element. To make the use of extensions safe and manageable, there is a strict set of governance  applied to the definition and use of extensions. Though any implementer can define an extension, there is a set of requirements that SHALL be met as part of the definition of the extension.","There can be no stigma associated with the use of extensions by any application, project, or standard - regardless of the institution or jurisdiction that uses or defines the extensions.  The use of extensions is what allows the FHIR specification to retain a core level of simplicity for everyone.","","","","","","","","",,,,,"","value:url}
","Extensions are always sliced by (at least) url",,"open","Element.extension",0,*,"","ele-1:All FHIR elements must have a @value or children {hasValue() or (children().count() > id.count())}
ext-1:Must have either extensions or value[x], not both {extension.exists() != value.exists()}"
"Person.PatientIn.modifierExtension","Person.PatientIn.modifierExtension","","extensions
user contentmodifiers","",0,*,"","Y","Y","Extension {[]} {[]}
","Extensions that cannot be ignored even if unrecognized","May be used to represent additional information that is not part of the basic definition of the element and that modifies the understanding of the element in which it is contained and/or the understanding of the containing element's descendants. Usually modifier elements provide negation or qualification. To make the use of extensions safe and manageable, there is a strict set of governance applied to the definition and use of extensions. Though any implementer can define an extension, there is a set of requirements that SHALL be met as part of the definition of the extension. Applications processing a resource are required to check for modifier extensions.

Modifier extensions SHALL NOT change the meaning of any elements on Resource or DomainResource (including cannot change the meaning of modifierExtension itself).","There can be no stigma associated with the use of extensions by any application, project, or standard - regardless of the institution or jurisdiction that uses or defines the extensions.  The use of extensions is what allows the FHIR specification to retain a core level of simplicity for everyone.","Modifier extensions allow for extensions that *cannot* be safely ignored to be clearly distinguished from the vast majority of extensions which can be safely ignored.  This promotes interoperability by eliminating the need for implementers to prohibit the presence of extensions. For further information, see the [definition of modifier extensions](http://hl7.org/fhir/R4/extensibility.html#modifierExtension).","","","","","","","",,,,,"",,,,"BackboneElement.modifierExtension",0,*,"","ele-1:All FHIR elements must have a @value or children {hasValue() or (children().count() > id.count())}
ext-1:Must have either extensions or value[x], not both {extension.exists() != value.exists()}"
"Person.PatientIn.PatientenIdentifikator","Person.PatientIn.PatientenIdentifikator","","","",0,*,"","","","BackboneElement {[]} {[]}
","Identifikation des Patienten in Verschiedenen Gesundheitseinrichtungen, Einrichtungskennzeichen kann als ""Codesystem"" gesehen werden, und Patienten-Identifikator als ""Code""","Identifikation des Patienten in Verschiedenen Gesundheitseinrichtungen, Einrichtungskennzeichen kann als ""Codesystem"" gesehen werden, und Patienten-Identifikator als ""Code""","","","","","","","","","",,,,,"",,,,"Person.PatientIn.PatientenIdentifikator",0,*,"","ele-1:All FHIR elements must have a @value or children {hasValue() or (children().count() > id.count())}
"
"Person.PatientIn.PatientenIdentifikator.id","Person.PatientIn.PatientenIdentifikator.id","","","",0,1,"","","","string {[]} {[]}
","Unique id for inter-element referencing","Unique id for the element within a resource (for internal references). This may be any string value that does not contain spaces.","","","","","","","","","",,,,,"",,,,"Element.id",0,1,"",""
"Person.PatientIn.PatientenIdentifikator.extension","Person.PatientIn.PatientenIdentifikator.extension","","extensions
user content","",0,*,"","","","Extension {[]} {[]}
","Additional content defined by implementations","May be used to represent additional information that is not part of the basic definition of the element. To make the use of extensions safe and manageable, there is a strict set of governance  applied to the definition and use of extensions. Though any implementer can define an extension, there is a set of requirements that SHALL be met as part of the definition of the extension.","There can be no stigma associated with the use of extensions by any application, project, or standard - regardless of the institution or jurisdiction that uses or defines the extensions.  The use of extensions is what allows the FHIR specification to retain a core level of simplicity for everyone.","","","","","","","","",,,,,"","value:url}
","Extensions are always sliced by (at least) url",,"open","Element.extension",0,*,"","ele-1:All FHIR elements must have a @value or children {hasValue() or (children().count() > id.count())}
ext-1:Must have either extensions or value[x], not both {extension.exists() != value.exists()}"
"Person.PatientIn.PatientenIdentifikator.modifierExtension","Person.PatientIn.PatientenIdentifikator.modifierExtension","","extensions
user contentmodifiers","",0,*,"","Y","Y","Extension {[]} {[]}
","Extensions that cannot be ignored even if unrecognized","May be used to represent additional information that is not part of the basic definition of the element and that modifies the understanding of the element in which it is contained and/or the understanding of the containing element's descendants. Usually modifier elements provide negation or qualification. To make the use of extensions safe and manageable, there is a strict set of governance applied to the definition and use of extensions. Though any implementer can define an extension, there is a set of requirements that SHALL be met as part of the definition of the extension. Applications processing a resource are required to check for modifier extensions.

Modifier extensions SHALL NOT change the meaning of any elements on Resource or DomainResource (including cannot change the meaning of modifierExtension itself).","There can be no stigma associated with the use of extensions by any application, project, or standard - regardless of the institution or jurisdiction that uses or defines the extensions.  The use of extensions is what allows the FHIR specification to retain a core level of simplicity for everyone.","Modifier extensions allow for extensions that *cannot* be safely ignored to be clearly distinguished from the vast majority of extensions which can be safely ignored.  This promotes interoperability by eliminating the need for implementers to prohibit the presence of extensions. For further information, see the [definition of modifier extensions](http://hl7.org/fhir/R4/extensibility.html#modifierExtension).","","","","","","","",,,,,"",,,,"BackboneElement.modifierExtension",0,*,"","ele-1:All FHIR elements must have a @value or children {hasValue() or (children().count() > id.count())}
ext-1:Must have either extensions or value[x], not both {extension.exists() != value.exists()}"
"Person.PatientIn.PatientenIdentifikator.PatientenIdentifikator","Person.PatientIn.PatientenIdentifikator.PatientenIdentifikator","","","",0,*,"","","","Identifier {[]} {[]}
","Gesundheitseinrichtungs-eigene Identifikationsnummer für einen Patienten","Gesundheitseinrichtungs-eigene Identifikationsnummer für einen Patienten","","","","","","","","","",,,,,"",,,,"Person.PatientIn.PatientenIdentifikator.PatientenIdentifikator",0,*,"","","Patient.identifier:pid"
"Person.PatientIn.PatientenIdentifikator.PatientenIdentifikatorKontext","Person.PatientIn.PatientenIdentifikator.PatientenIdentifikatorKontext","","","",1,1,"","","","CodeableConcept {[]} {[]}
","Der Kontext des Patienten-Identifikators um den Patienten-Identifikator zu Beschreiben, da der Patient innerhalb einer Gesundheitseinrichtung möglicherweise pro System eine Nummer (Im Krankenhaus: Labor, Radiologie, Internistische Station etc.) bekommt.","Der Kontext des Patienten-Identifikators um den Patienten-Identifikator zu Beschreiben, da der Patient innerhalb einer Gesundheitseinrichtung möglicherweise pro System eine Nummer (Im Krankenhaus: Labor, Radiologie, Internistische Station etc.) bekommt.","","","","","","","","","",,,,,"",,,,"Person.PatientIn.PatientenIdentifikator.PatientenIdentifikatorKontext",1,1,"",""
"Person.PatientIn.Versicherung","Person.PatientIn.Versicherung","","","",0,*,"","","","BackboneElement {[]} {[]}
","Aktuell gültige Versicherung der Patient:in welcher zur Abrechnung der Behandlungsleistung verwendet wird.","Aktuell gültige Versicherung der Patient:in welcher zur Abrechnung der Behandlungsleistung verwendet wird.","","","","","","","","","",,,,,"",,,,"Person.PatientIn.Versicherung",0,*,"","ele-1:All FHIR elements must have a @value or children {hasValue() or (children().count() > id.count())}
","Patient.identifier:default"
"Person.PatientIn.Versicherung.id","Person.PatientIn.Versicherung.id","","","",0,1,"","","","string {[]} {[]}
","Unique id for inter-element referencing","Unique id for the element within a resource (for internal references). This may be any string value that does not contain spaces.","","","","","","","","","",,,,,"",,,,"Element.id",0,1,"",""
"Person.PatientIn.Versicherung.extension","Person.PatientIn.Versicherung.extension","","extensions
user content","",0,*,"","","","Extension {[]} {[]}
","Additional content defined by implementations","May be used to represent additional information that is not part of the basic definition of the element. To make the use of extensions safe and manageable, there is a strict set of governance  applied to the definition and use of extensions. Though any implementer can define an extension, there is a set of requirements that SHALL be met as part of the definition of the extension.","There can be no stigma associated with the use of extensions by any application, project, or standard - regardless of the institution or jurisdiction that uses or defines the extensions.  The use of extensions is what allows the FHIR specification to retain a core level of simplicity for everyone.","","","","","","","","",,,,,"","value:url}
","Extensions are always sliced by (at least) url",,"open","Element.extension",0,*,"","ele-1:All FHIR elements must have a @value or children {hasValue() or (children().count() > id.count())}
ext-1:Must have either extensions or value[x], not both {extension.exists() != value.exists()}"
"Person.PatientIn.Versicherung.modifierExtension","Person.PatientIn.Versicherung.modifierExtension","","extensions
user contentmodifiers","",0,*,"","Y","Y","Extension {[]} {[]}
","Extensions that cannot be ignored even if unrecognized","May be used to represent additional information that is not part of the basic definition of the element and that modifies the understanding of the element in which it is contained and/or the understanding of the containing element's descendants. Usually modifier elements provide negation or qualification. To make the use of extensions safe and manageable, there is a strict set of governance applied to the definition and use of extensions. Though any implementer can define an extension, there is a set of requirements that SHALL be met as part of the definition of the extension. Applications processing a resource are required to check for modifier extensions.

Modifier extensions SHALL NOT change the meaning of any elements on Resource or DomainResource (including cannot change the meaning of modifierExtension itself).","There can be no stigma associated with the use of extensions by any application, project, or standard - regardless of the institution or jurisdiction that uses or defines the extensions.  The use of extensions is what allows the FHIR specification to retain a core level of simplicity for everyone.","Modifier extensions allow for extensions that *cannot* be safely ignored to be clearly distinguished from the vast majority of extensions which can be safely ignored.  This promotes interoperability by eliminating the need for implementers to prohibit the presence of extensions. For further information, see the [definition of modifier extensions](http://hl7.org/fhir/R4/extensibility.html#modifierExtension).","","","","","","","",,,,,"",,,,"BackboneElement.modifierExtension",0,*,"","ele-1:All FHIR elements must have a @value or children {hasValue() or (children().count() > id.count())}
ext-1:Must have either extensions or value[x], not both {extension.exists() != value.exists()}"
"Person.PatientIn.Versicherung.InstitutionskennzeichenDerKrankenkasse","Person.PatientIn.Versicherung.InstitutionskennzeichenDerKrankenkasse","","","",0,*,"","","","string {[]} {[]}
","Die Institutionskennzeichen (kurz: IK) sind bundesweit eindeutige, neunstellige Zahlen, mit deren Hilfe Abrechnungen und Qualitätssicherungsmaßnahmen im Bereich der deutschen Sozialversicherung einrichtungsübergreifend abgewickelt werden können.","Die Institutionskennzeichen (kurz: IK) sind bundesweit eindeutige, neunstellige Zahlen, mit deren Hilfe Abrechnungen und Qualitätssicherungsmaßnahmen im Bereich der deutschen Sozialversicherung einrichtungsübergreifend abgewickelt werden können.","","","","","","","","","",9,,,,"",,,,"Person.PatientIn.Versicherung.InstitutionskennzeichenDerKrankenkasse",0,*,"",""
"Person.PatientIn.Versicherung.Versicherungstyp","Person.PatientIn.Versicherung.Versicherungstyp","","","",1,1,"","","","CodeableConcept {[]} {[]}
","Versicherungstyp des Patienten","Versicherungstyp des Patienten","","","","","","","","","",,,,,"",,,,"Person.PatientIn.Versicherung.Versicherungstyp",1,1,"",""
"Person.PatientIn.Versicherung.Versichertennummer","Person.PatientIn.Versicherung.Versichertennummer","","","",0,1,"","","","BackboneElement {[]} {[]}
","Angaben zur Identifikation der versicherten Person","Angaben zur Identifikation der versicherten Person","","","","","","","","","",,,,,"",,,,"Person.PatientIn.Versicherung.Versichertennummer",0,1,"","ele-1:All FHIR elements must have a @value or children {hasValue() or (children().count() > id.count())}
"
"Person.PatientIn.Versicherung.Versichertennummer.id","Person.PatientIn.Versicherung.Versichertennummer.id","","","",0,1,"","","","string {[]} {[]}
","Unique id for inter-element referencing","Unique id for the element within a resource (for internal references). This may be any string value that does not contain spaces.","","","","","","","","","",,,,,"",,,,"Element.id",0,1,"",""
"Person.PatientIn.Versicherung.Versichertennummer.extension","Person.PatientIn.Versicherung.Versichertennummer.extension","","extensions
user content","",0,*,"","","","Extension {[]} {[]}
","Additional content defined by implementations","May be used to represent additional information that is not part of the basic definition of the element. To make the use of extensions safe and manageable, there is a strict set of governance  applied to the definition and use of extensions. Though any implementer can define an extension, there is a set of requirements that SHALL be met as part of the definition of the extension.","There can be no stigma associated with the use of extensions by any application, project, or standard - regardless of the institution or jurisdiction that uses or defines the extensions.  The use of extensions is what allows the FHIR specification to retain a core level of simplicity for everyone.","","","","","","","","",,,,,"","value:url}
","Extensions are always sliced by (at least) url",,"open","Element.extension",0,*,"","ele-1:All FHIR elements must have a @value or children {hasValue() or (children().count() > id.count())}
ext-1:Must have either extensions or value[x], not both {extension.exists() != value.exists()}"
"Person.PatientIn.Versicherung.Versichertennummer.modifierExtension","Person.PatientIn.Versicherung.Versichertennummer.modifierExtension","","extensions
user contentmodifiers","",0,*,"","Y","Y","Extension {[]} {[]}
","Extensions that cannot be ignored even if unrecognized","May be used to represent additional information that is not part of the basic definition of the element and that modifies the understanding of the element in which it is contained and/or the understanding of the containing element's descendants. Usually modifier elements provide negation or qualification. To make the use of extensions safe and manageable, there is a strict set of governance applied to the definition and use of extensions. Though any implementer can define an extension, there is a set of requirements that SHALL be met as part of the definition of the extension. Applications processing a resource are required to check for modifier extensions.

Modifier extensions SHALL NOT change the meaning of any elements on Resource or DomainResource (including cannot change the meaning of modifierExtension itself).","There can be no stigma associated with the use of extensions by any application, project, or standard - regardless of the institution or jurisdiction that uses or defines the extensions.  The use of extensions is what allows the FHIR specification to retain a core level of simplicity for everyone.","Modifier extensions allow for extensions that *cannot* be safely ignored to be clearly distinguished from the vast majority of extensions which can be safely ignored.  This promotes interoperability by eliminating the need for implementers to prohibit the presence of extensions. For further information, see the [definition of modifier extensions](http://hl7.org/fhir/R4/extensibility.html#modifierExtension).","","","","","","","",,,,,"",,,,"BackboneElement.modifierExtension",0,*,"","ele-1:All FHIR elements must have a @value or children {hasValue() or (children().count() > id.count())}
ext-1:Must have either extensions or value[x], not both {extension.exists() != value.exists()}"
"Person.PatientIn.Versicherung.Versichertennummer.VersichertenIDGKV","Person.PatientIn.Versicherung.Versichertennummer.VersichertenIDGKV","","","",0,1,"","","","string {[]} {[]}
","Unveränderlicher Teil der Krankenversichertennummer (VersichertenID) bei GKV Patienten. Diese findet sich z.B. auf der Mitgliedskarte der Krankenkasse.","Unveränderlicher Teil der Krankenversichertennummer (VersichertenID) bei GKV Patienten. Diese findet sich z.B. auf der Mitgliedskarte der Krankenkasse.","","","","","","","","","",,,,,"",,,,"Person.PatientIn.Versicherung.Versichertennummer.VersichertenIDGKV",0,1,"","","Patient.identifier:versichertenId_GKV"
"Person.PatientIn.Versicherung.Versichertennummer.VersichertennummerPKV","Person.PatientIn.Versicherung.Versichertennummer.VersichertennummerPKV","","","",0,1,"","","","string {[]} {[]}
","Versichertennummer bei PKV Patienten. Vergabe erfolgt durch die jeweilige Private Krankenversicherung.","Versichertennummer bei PKV Patienten. Vergabe erfolgt durch die jeweilige Private Krankenversicherung.","","","","","","","","","",,,,,"",,,,"Person.PatientIn.Versicherung.Versichertennummer.VersichertennummerPKV",0,1,"","","Patient.identifier:versicherungsnummer_pkv"
"Person.ProbandIn","Person.ProbandIn","","","",0,*,"","","","BackboneElement {[]} {[]}
","Person, die an einer Studie teilnimmt (unter Umständen, während sie Patient:in in einer Gesundheitseinrichtung ist)","Person, die an einer Studie teilnimmt (unter Umständen, während sie Patient:in in einer Gesundheitseinrichtung ist)","","","","","","","","","",,,,,"",,,,"Person.ProbandIn",0,*,"","ele-1:All FHIR elements must have a @value or children {hasValue() or (children().count() > id.count())}
"
"Person.ProbandIn.id","Person.ProbandIn.id","","","",0,1,"","","","string {[]} {[]}
","Unique id for inter-element referencing","Unique id for the element within a resource (for internal references). This may be any string value that does not contain spaces.","","","","","","","","","",,,,,"",,,,"Element.id",0,1,"",""
"Person.ProbandIn.extension","Person.ProbandIn.extension","","extensions
user content","",0,*,"","","","Extension {[]} {[]}
","Additional content defined by implementations","May be used to represent additional information that is not part of the basic definition of the element. To make the use of extensions safe and manageable, there is a strict set of governance  applied to the definition and use of extensions. Though any implementer can define an extension, there is a set of requirements that SHALL be met as part of the definition of the extension.","There can be no stigma associated with the use of extensions by any application, project, or standard - regardless of the institution or jurisdiction that uses or defines the extensions.  The use of extensions is what allows the FHIR specification to retain a core level of simplicity for everyone.","","","","","","","","",,,,,"","value:url}
","Extensions are always sliced by (at least) url",,"open","Element.extension",0,*,"","ele-1:All FHIR elements must have a @value or children {hasValue() or (children().count() > id.count())}
ext-1:Must have either extensions or value[x], not both {extension.exists() != value.exists()}"
"Person.ProbandIn.modifierExtension","Person.ProbandIn.modifierExtension","","extensions
user contentmodifiers","",0,*,"","Y","Y","Extension {[]} {[]}
","Extensions that cannot be ignored even if unrecognized","May be used to represent additional information that is not part of the basic definition of the element and that modifies the understanding of the element in which it is contained and/or the understanding of the containing element's descendants. Usually modifier elements provide negation or qualification. To make the use of extensions safe and manageable, there is a strict set of governance applied to the definition and use of extensions. Though any implementer can define an extension, there is a set of requirements that SHALL be met as part of the definition of the extension. Applications processing a resource are required to check for modifier extensions.

Modifier extensions SHALL NOT change the meaning of any elements on Resource or DomainResource (including cannot change the meaning of modifierExtension itself).","There can be no stigma associated with the use of extensions by any application, project, or standard - regardless of the institution or jurisdiction that uses or defines the extensions.  The use of extensions is what allows the FHIR specification to retain a core level of simplicity for everyone.","Modifier extensions allow for extensions that *cannot* be safely ignored to be clearly distinguished from the vast majority of extensions which can be safely ignored.  This promotes interoperability by eliminating the need for implementers to prohibit the presence of extensions. For further information, see the [definition of modifier extensions](http://hl7.org/fhir/R4/extensibility.html#modifierExtension).","","","","","","","",,,,,"",,,,"BackboneElement.modifierExtension",0,*,"","ele-1:All FHIR elements must have a @value or children {hasValue() or (children().count() > id.count())}
ext-1:Must have either extensions or value[x], not both {extension.exists() != value.exists()}"
"Person.ProbandIn.SubjektIdentifizierungscode","Person.ProbandIn.SubjektIdentifizierungscode","","","",0,*,"","","","Identifier {[]} {[]}
","Eindeutiger Identifikator eines Patienten im Kontext eines Forschungsprojekts (klinische Studie, Use Case)","Eindeutiger Identifikator eines Patienten im Kontext eines Forschungsprojekts (klinische Studie, Use Case)","","","","","","","","","",,,,,"",,,,"Person.ProbandIn.SubjektIdentifizierungscode",0,*,"",""
"Person.ProbandIn.Rechtsgrundlage","Person.ProbandIn.Rechtsgrundlage","","","",0,*,"","","","Reference {[]} {[CanonicalType[http://hl7.org/fhir/StructureDefinition/Consent]]}
","Rechtsgrundlage (z.B. Einwilligung) aufgrund die PatientIn in die Studie eingeschlossen werden darf.","Rechtsgrundlage (z.B. Einwilligung) aufgrund die PatientIn in die Studie eingeschlossen werden darf.","","","","","","","","","",,,,,"",,,,"Person.ProbandIn.Rechtsgrundlage",0,*,"",""
"Person.ProbandIn.BeginnTeilnahme","Person.ProbandIn.BeginnTeilnahme","","","",1,1,"","","","dateTime {[]} {[]}
","Beginn der Teilnahme der Person an der Studie.","Beginn der Teilnahme der Person an der Studie.","","","","","","","","","",,,,,"",,,,"Person.ProbandIn.BeginnTeilnahme",1,1,"",""
"Person.ProbandIn.EndeTeilnahme","Person.ProbandIn.EndeTeilnahme","","","",0,1,"","","","dateTime {[]} {[]}
","Ende der Teilnahme der Person an der Studie.","Ende der Teilnahme der Person an der Studie.","","","","","","","","","",,,,,"",,,,"Person.ProbandIn.EndeTeilnahme",0,1,"",""
"Person.ProbandIn.StatusDerTeilnahme","Person.ProbandIn.StatusDerTeilnahme","","","",1,1,"","","","code {[]} {[]}
","Stand der Teilnahme einer Person an der Studie, z.B. eingeschlossen, widerrufen, abgeschlossen etc.","Stand der Teilnahme einer Person an der Studie, z.B. eingeschlossen, widerrufen, abgeschlossen etc.","","","","","","","","","",,,,,"",,,,"Person.ProbandIn.StatusDerTeilnahme",1,1,"",""
"Person.ProbandIn.BezeichnungDerStudie","Person.ProbandIn.BezeichnungDerStudie","","","",0,*,"","","","Identifier {[]} {[]}
","Identifikator der Studie","Identifikator der Studie","","","","","","","","","",,,,,"",,,,"Person.ProbandIn.BezeichnungDerStudie",0,*,"",""
"Person.PatientInPseudonym","Person.PatientInPseudonym","","","",0,*,"","","","BackboneElement {[]} {[]}
","Pseudonymisierte Repräsentation einer dazueghörigen Patient:in","Pseudonymisierte Repräsentation einer dazueghörigen Patient:in","","","","","","","","","",,,,,"",,,,"Person.PatientInPseudonym",0,*,"","ele-1:All FHIR elements must have a @value or children {hasValue() or (children().count() > id.count())}
"
"Person.PatientInPseudonym.id","Person.PatientInPseudonym.id","","","",0,1,"","","","string {[]} {[]}
","Unique id for inter-element referencing","Unique id for the element within a resource (for internal references). This may be any string value that does not contain spaces.","","","","","","","","","",,,,,"",,,,"Element.id",0,1,"",""
"Person.PatientInPseudonym.extension","Person.PatientInPseudonym.extension","","extensions
user content","",0,*,"","","","Extension {[]} {[]}
","Additional content defined by implementations","May be used to represent additional information that is not part of the basic definition of the element. To make the use of extensions safe and manageable, there is a strict set of governance  applied to the definition and use of extensions. Though any implementer can define an extension, there is a set of requirements that SHALL be met as part of the definition of the extension.","There can be no stigma associated with the use of extensions by any application, project, or standard - regardless of the institution or jurisdiction that uses or defines the extensions.  The use of extensions is what allows the FHIR specification to retain a core level of simplicity for everyone.","","","","","","","","",,,,,"","value:url}
","Extensions are always sliced by (at least) url",,"open","Element.extension",0,*,"","ele-1:All FHIR elements must have a @value or children {hasValue() or (children().count() > id.count())}
ext-1:Must have either extensions or value[x], not both {extension.exists() != value.exists()}"
"Person.PatientInPseudonym.modifierExtension","Person.PatientInPseudonym.modifierExtension","","extensions
user contentmodifiers","",0,*,"","Y","Y","Extension {[]} {[]}
","Extensions that cannot be ignored even if unrecognized","May be used to represent additional information that is not part of the basic definition of the element and that modifies the understanding of the element in which it is contained and/or the understanding of the containing element's descendants. Usually modifier elements provide negation or qualification. To make the use of extensions safe and manageable, there is a strict set of governance applied to the definition and use of extensions. Though any implementer can define an extension, there is a set of requirements that SHALL be met as part of the definition of the extension. Applications processing a resource are required to check for modifier extensions.

Modifier extensions SHALL NOT change the meaning of any elements on Resource or DomainResource (including cannot change the meaning of modifierExtension itself).","There can be no stigma associated with the use of extensions by any application, project, or standard - regardless of the institution or jurisdiction that uses or defines the extensions.  The use of extensions is what allows the FHIR specification to retain a core level of simplicity for everyone.","Modifier extensions allow for extensions that *cannot* be safely ignored to be clearly distinguished from the vast majority of extensions which can be safely ignored.  This promotes interoperability by eliminating the need for implementers to prohibit the presence of extensions. For further information, see the [definition of modifier extensions](http://hl7.org/fhir/R4/extensibility.html#modifierExtension).","","","","","","","",,,,,"",,,,"BackboneElement.modifierExtension",0,*,"","ele-1:All FHIR elements must have a @value or children {hasValue() or (children().count() > id.count())}
ext-1:Must have either extensions or value[x], not both {extension.exists() != value.exists()}"
"Person.PatientInPseudonym.Pseudonym","Person.PatientInPseudonym.Pseudonym","","","",0,*,"","","","Identifier {[]} {[]}
","Neu generierte Identifikation der PatientIn mit Bezug zum Original-Identifikator in einer Treuhandstelle.","Neu generierte Identifikation der PatientIn mit Bezug zum Original-Identifikator in einer Treuhandstelle.","","","","","","","","","",,,,,"",,,,"Person.PatientInPseudonym.Pseudonym",0,*,"","","Patient.identifier:PseudonymisierterIdentifier"
