<?xml version="1.0" encoding="UTF-8"?><ValueSet xmlns="http://hl7.org/fhir"><id value="mii-vs-diagnose-diagnosecodes-snomed"/><text><status value="generated"/><div xmlns="http://www.w3.org/1999/xhtml"><div xml:lang="en" lang="en"><hr/><p><b>English</b></p><hr/><p class="res-header-id"><b>Generated Narrative: ValueSet mii-vs-diagnose-diagnosecodes-snomed</b></p><a name="mii-vs-diagnose-diagnosecodes-snomed"> </a><a name="hcmii-vs-diagnose-diagnosecodes-snomed"> </a><p>This value set includes codes based on the following rules:</p><ul><li>Include codes from<a href="http://www.snomed.org/"><code>http://snomed.info/sct</code></a><span title="Version is explicitly stated to be http://snomed.info/sct/900000000000207008/version/20250701"> version 📍</span> where concept  is-a 404684003 (Clinical finding)</li><li>Include codes from<a href="http://www.snomed.org/"><code>http://snomed.info/sct</code></a><span title="Version is explicitly stated to be http://snomed.info/sct/900000000000207008/version/20250701"> version 📍</span> where concept  is-a 272379006 (Event)</li><li>Include codes from<a href="http://www.snomed.org/"><code>http://snomed.info/sct</code></a><span title="Version is explicitly stated to be http://snomed.info/sct/900000000000207008/version/20250701"> version 📍</span> where concept  is-a 243796009 (Situation with explicit context)</li></ul></div><div xml:lang="de" lang="de"><hr/><p><b>German</b></p><hr/><p class="res-header-id"><b>Generated Narrative: ValueSet mii-vs-diagnose-diagnosecodes-snomed</b></p><a name="de-mii-vs-diagnose-diagnosecodes-snomed"> </a><a name="de-hcmii-vs-diagnose-diagnosecodes-snomed"> </a><p>This value set includes codes based on the following rules:</p><ul><li>Include codes from<a href="http://www.snomed.org/"><code>http://snomed.info/sct</code></a><span title="Version is explicitly stated to be http://snomed.info/sct/900000000000207008/version/20250701"> version 📍</span> where concept  is-a 404684003 (Clinical finding)</li><li>Include codes from<a href="http://www.snomed.org/"><code>http://snomed.info/sct</code></a><span title="Version is explicitly stated to be http://snomed.info/sct/900000000000207008/version/20250701"> version 📍</span> where concept  is-a 272379006 (Event)</li><li>Include codes from<a href="http://www.snomed.org/"><code>http://snomed.info/sct</code></a><span title="Version is explicitly stated to be http://snomed.info/sct/900000000000207008/version/20250701"> version 📍</span> where concept  is-a 243796009 (Situation with explicit context)</li></ul></div></div></text><extension url="https://www.medizininformatik-initiative.de/fhir/modul-meta/StructureDefinition/mii-ex-meta-license-codeable"><valueCodeableConcept><coding><system value="http://hl7.org/fhir/spdx-license"/><code value="CC-BY-4.0"/><display value="Creative Commons Attribution 4.0 International"/></coding></valueCodeableConcept></extension><url value="https://www.medizininformatik-initiative.de/fhir/core/modul-diagnose/ValueSet/diagnoses-sct"/><version value="2026.0.0"/><name value="MII_VS_Diagnose_DiagnoseCodes_SNOMED"/><title value="MII VS Diagnose Diagnose-Codes SNOMED"/><status value="active"/><experimental value="true"/><date value="2025-12-12"/><publisher value="Medical Informatics Initiative (MII)"><extension url="http://hl7.org/fhir/StructureDefinition/translation"><extension url="lang"><valueCode value="de"/></extension><extension url="content"><valueString value="Medizininformatik-Initiative (MII)"/></extension></extension></publisher><contact><name value="Medical Informatics Initiative (MII)"/><telecom><system value="url"/><value value="https://www.medizininformatik-initiative.de/en"/></telecom></contact><description value="Enthaelt alle SNOMED Clinical finding, Event und Situation with explicit context codes"/><jurisdiction><coding><system value="urn:iso:std:iso:3166"/><code value="DE"/><display value="Germany"/></coding></jurisdiction><copyright value="This material includes SNOMED Clinical Terms® (SNOMED CT®) which is used by permission of SNOMED International. All rights reserved. SNOMED CT®, was originally created by The College of American Pathologists. SNOMED and SNOMED CT are registered trademarks of SNOMED International. Implementers of these artefacts must have the appropriate SNOMED CT Affiliate license."/><compose><include><system value="http://snomed.info/sct"/><version value="http://snomed.info/sct/900000000000207008/version/20250701"/><filter><property value="concept"/><op value="is-a"/><value value="404684003"/></filter></include><include><system value="http://snomed.info/sct"/><version value="http://snomed.info/sct/900000000000207008/version/20250701"/><filter><property value="concept"/><op value="is-a"/><value value="272379006"/></filter></include><include><system value="http://snomed.info/sct"/><version value="http://snomed.info/sct/900000000000207008/version/20250701"/><filter><property value="concept"/><op value="is-a"/><value value="243796009"/></filter></include></compose></ValueSet>