<?xml version="1.0" encoding="UTF-8"?>

<Encounter xmlns="http://hl7.org/fhir">
  <id value="mii-exa-fall-kontakt-gesundheitseinrichtung-9"/>
  <meta>
    <profile value="https://www.medizininformatik-initiative.de/fhir/core/modul-fall/StructureDefinition/KontaktGesundheitseinrichtung|2026.0.0-dev.1"/>
    <security>
      <system value="http://terminology.hl7.org/CodeSystem/v3-ActReason"/>
      <code value="HTEST"/>
      <display value="test health data"/>
    </security>
  </meta>
  <language value="en"/>
  <text>
    <status value="extensions"/><div xmlns="http://www.w3.org/1999/xhtml"><div xml:lang="en" lang="en"><hr/><p><b>English</b></p><hr/><p class="res-header-id"><b>Generated Narrative: Encounter mii-exa-fall-kontakt-gesundheitseinrichtung-9</b></p><a name="mii-exa-fall-kontakt-gesundheitseinrichtung-9"> </a><a name="hcmii-exa-fall-kontakt-gesundheitseinrichtung-9"> </a><div style="display: inline-block; background-color: #d9e0e7; padding: 6px; margin: 4px; border: 1px solid #8da1b4; border-radius: 5px; line-height: 60%"><p style="margin-bottom: 0px">Language: en</p><p style="margin-bottom: 0px">Profile: <a href="StructureDefinition-mii-pr-fall-kontakt-gesundheitseinrichtung.html">MII PR Fall Kontakt mit einer Gesundheitseinrichtungversion: null2026.0.0-dev.1)</a></p><p style="margin-bottom: 0px">Security Label: test health data (Details: ActReason code HTEST = 'test health data')</p></div><blockquote><p><b>ExtensionAufnahmegrund</b></p><ul><li>VierteStelle: <a href="https://simplifier.net/resolve?scope=de.basisprofil.r4@1.5.4&amp;canonical=http://fhir.de/CodeSystem/dkgev/AufnahmegrundVierteStelle#AufnahmegrundVierteStelle-7">AufnahmegrundVierteStelle: 7</a> (Notfall)</li></ul></blockquote><p><b>identifier</b>: Visit number/A1E</p><p><b>status</b>: Finished</p><p><b>class</b>: <a href="http://terminology.hl7.org/7.0.0/CodeSystem-v3-ActCode.html#v3-ActCode-AMB">ActCode: AMB</a> (ambulatory)</p><p><b>type</b>: <span title="Codes:{http://fhir.de/CodeSystem/Kontaktebene abteilungskontakt}">Abteilungskontakt</span></p><p><b>priority</b>: <span title="Codes:{http://terminology.hl7.org/CodeSystem/v3-ActPriority EM}">emergency</span></p><p><b>subject</b>: <a href="Patient-mii-exa-person-patient-1.html">Maja Julia Van-der-Dussen (official) Female, DoB: 1998-09-19 ( Medical record number (use: usual, ))</a></p><p><b>period</b>: 2020-01-08 07:00:00+0100 --&gt; 2020-01-08 09:00:00+0100</p><p><b>account</b>: Account A1 - DRG G23B Appendektomie ohne schwere CC (Identifier: <code>https://www.charite.de/fhir/sid/fallnummer</code>/F-2020-000123)</p><p><b>serviceProvider</b>: Identifier: <code>http://fhir.de/sid/dkgev/iknr</code>/260950472</p><p><b>partOf</b>: <a href="Encounter-mii-exa-fall-kontakt-gesundheitseinrichtung-1.html">Encounter: identifier = Visit number; status = finished; class = inpatient encounter (ActCode#IMP); type = Einrichtungskontakt; period = 2020-01-08 07:00:00+0100 --&gt; 2020-01-17 18:00:00+0100</a></p></div><div xml:lang="de" lang="de"><hr/><p><b>German</b></p><hr/><p class="res-header-id"><b>Generated Narrative: Encounter mii-exa-fall-kontakt-gesundheitseinrichtung-9</b></p><a name="de-mii-exa-fall-kontakt-gesundheitseinrichtung-9"> </a><a name="de-hcmii-exa-fall-kontakt-gesundheitseinrichtung-9"> </a><div style="display: inline-block; background-color: #d9e0e7; padding: 6px; margin: 4px; border: 1px solid #8da1b4; border-radius: 5px; line-height: 60%"><p style="margin-bottom: 0px">Language: en</p><p style="margin-bottom: 0px">Profile: <a href="StructureDefinition-mii-pr-fall-kontakt-gesundheitseinrichtung.html">MII PR Fall Kontakt mit einer Gesundheitseinrichtungversion: null2026.0.0-dev.1)</a></p><p style="margin-bottom: 0px">Security Label: test health data (Details: ActReason code HTEST = 'test health data')</p></div><blockquote><p><b>ExtensionAufnahmegrund</b></p><ul><li>VierteStelle: <a href="https://simplifier.net/resolve?scope=de.basisprofil.r4@1.5.4&amp;canonical=http://fhir.de/CodeSystem/dkgev/AufnahmegrundVierteStelle#AufnahmegrundVierteStelle-7">AufnahmegrundVierteStelle: 7</a> (Notfall)</li></ul></blockquote><p><b>identifier</b>: Fallnummer/A1E</p><p><b>status</b>: Finished</p><p><b>class</b>: <a href="http://terminology.hl7.org/7.0.0/CodeSystem-v3-ActCode.html#v3-ActCode-AMB">ActCode: AMB</a> (ambulatory)</p><p><b>type</b>: <span title="Codes:{http://fhir.de/CodeSystem/Kontaktebene abteilungskontakt}">Abteilungskontakt</span></p><p><b>priority</b>: <span title="Codes:{http://terminology.hl7.org/CodeSystem/v3-ActPriority EM}">emergency</span></p><p><b>subject</b>: <a href="Patient-mii-exa-person-patient-1.html">Maja Julia Van-der-Dussen (official) Female, DoB: 1998-09-19 ( Krankenaktennummer (use: usual, ))</a></p><p><b>period</b>: 2020-01-08 07:00:00+0100 --&gt; 2020-01-08 09:00:00+0100</p><p><b>account</b>: Account A1 - DRG G23B Appendektomie ohne schwere CC (Identifier: <code>https://www.charite.de/fhir/sid/fallnummer</code>/F-2020-000123)</p><p><b>serviceProvider</b>: Identifier: <code>http://fhir.de/sid/dkgev/iknr</code>/260950472</p><p><b>partOf</b>: <a href="Encounter-mii-exa-fall-kontakt-gesundheitseinrichtung-1.html">Encounter: identifier = Fallnummer; status = finished; class = inpatient encounter (ActCode#IMP); type = Einrichtungskontakt; period = 2020-01-08 07:00:00+0100 --&gt; 2020-01-17 18:00:00+0100</a></p></div></div>
  </text>
  <extension url="http://fhir.de/StructureDefinition/Aufnahmegrund">
    <extension url="VierteStelle">
      <valueCoding>
        <system value="http://fhir.de/CodeSystem/dkgev/AufnahmegrundVierteStelle"/>
        <code value="7"/>
        <display value="Notfall"/>
      </valueCoding>
    </extension>
  </extension>
  <identifier>
    <type>
      <coding>
        <system value="http://terminology.hl7.org/CodeSystem/v2-0203"/>
        <code value="VN"/>
      </coding>
    </type>
    <system value="https://www.charite.de/fhir/sid/aufnahmenummer"/>
    <value value="A1E"/>
  </identifier>
  <status value="finished"/>
  <class>
    <system value="http://terminology.hl7.org/CodeSystem/v3-ActCode"/>
    <code value="AMB"/>
  </class>
  <type>
    <coding>
      <system value="http://fhir.de/CodeSystem/Kontaktebene"/>
      <code value="abteilungskontakt"/>
    </coding>
  </type>
  <priority>
    <coding>
      <system value="http://terminology.hl7.org/CodeSystem/v3-ActPriority"/>
      <code value="EM"/>
    </coding>
  </priority>
  <subject>
    <reference value="Patient/mii-exa-person-patient-1"/>
  </subject>
  <period>
    <start value="2020-01-08T07:00:00+01:00"/>
    <end value="2020-01-08T09:00:00+01:00"/>
  </period>
  <account>
    <identifier>
      <system value="https://www.charite.de/fhir/sid/fallnummer"/>
      <value value="F-2020-000123"/>
    </identifier>
    <display value="Account A1 - DRG G23B Appendektomie ohne schwere CC"/>
  </account>
  <serviceProvider>
    <identifier>
      <system value="http://fhir.de/sid/dkgev/iknr"/>
      <value value="260950472"/>
    </identifier>
  </serviceProvider>
  <partOf>
    <reference value="Encounter/mii-exa-fall-kontakt-gesundheitseinrichtung-1"/>
  </partOf>
</Encounter>