<?xml version="1.0" encoding="UTF-8"?>

<Encounter xmlns="http://hl7.org/fhir">
  <id value="mii-exa-fall-kontakt-gesundheitseinrichtung-1"/>
  <meta>
    <profile value="https://www.medizininformatik-initiative.de/fhir/core/modul-fall/StructureDefinition/KontaktGesundheitseinrichtung|2026.0.0-dev.1"/>
    <security>
      <system value="http://terminology.hl7.org/CodeSystem/v3-ActReason"/>
      <code value="HTEST"/>
      <display value="test health data"/>
    </security>
  </meta>
  <language value="en"/>
  <text>
    <status value="generated"/><div xmlns="http://www.w3.org/1999/xhtml"><div xml:lang="en" lang="en"><hr/><p><b>English</b></p><hr/><p class="res-header-id"><b>Generated Narrative: Encounter mii-exa-fall-kontakt-gesundheitseinrichtung-1</b></p><a name="mii-exa-fall-kontakt-gesundheitseinrichtung-1"> </a><a name="hcmii-exa-fall-kontakt-gesundheitseinrichtung-1"> </a><div style="display: inline-block; background-color: #d9e0e7; padding: 6px; margin: 4px; border: 1px solid #8da1b4; border-radius: 5px; line-height: 60%"><p style="margin-bottom: 0px">Language: en</p><p style="margin-bottom: 0px">Profile: <a href="StructureDefinition-mii-pr-fall-kontakt-gesundheitseinrichtung.html">MII PR Fall Kontakt mit einer Gesundheitseinrichtungversion: null2026.0.0-dev.1)</a></p><p style="margin-bottom: 0px">Security Label: test health data (Details: ActReason code HTEST = 'test health data')</p></div><p><b>identifier</b>: Visit number/E0</p><p><b>status</b>: Finished</p><p><b>class</b>: <a href="http://terminology.hl7.org/7.0.0/CodeSystem-v3-ActCode.html#v3-ActCode-IMP">ActCode: IMP</a> (inpatient encounter)</p><p><b>type</b>: <span title="Codes:{http://fhir.de/CodeSystem/Kontaktebene einrichtungskontakt}">Einrichtungskontakt</span></p><p><b>subject</b>: <a href="Patient-mii-exa-person-patient-1.html">Maja Julia Van-der-Dussen (official) Female, DoB: 1998-09-19 ( Medical record number (use: usual, ))</a></p><p><b>period</b>: 2020-01-08 07:00:00+0100 --&gt; 2020-01-17 18:00:00+0100</p><p><b>account</b>: Account A1 - DRG G23B Appendektomie ohne schwere CC (Identifier: <code>https://www.charite.de/fhir/sid/fallnummer</code>/F-2020-000123)</p><h3>Hospitalizations</h3><table class="grid"><tr><td style="display: none">-</td><td><b>AdmitSource</b></td><td><b>DischargeDisposition</b></td></tr><tr><td style="display: none">*</td><td><span title="Codes:{http://fhir.de/CodeSystem/dgkev/Aufnahmeanlass N}">Notfall</span></td><td><span title="Codes:"></span></td></tr></table><p><b>serviceProvider</b>: Identifier: <code>http://fhir.de/sid/dkgev/iknr</code>/260950472</p></div><div xml:lang="de" lang="de"><hr/><p><b>German</b></p><hr/><p class="res-header-id"><b>Generated Narrative: Encounter mii-exa-fall-kontakt-gesundheitseinrichtung-1</b></p><a name="de-mii-exa-fall-kontakt-gesundheitseinrichtung-1"> </a><a name="de-hcmii-exa-fall-kontakt-gesundheitseinrichtung-1"> </a><div style="display: inline-block; background-color: #d9e0e7; padding: 6px; margin: 4px; border: 1px solid #8da1b4; border-radius: 5px; line-height: 60%"><p style="margin-bottom: 0px">Language: en</p><p style="margin-bottom: 0px">Profile: <a href="StructureDefinition-mii-pr-fall-kontakt-gesundheitseinrichtung.html">MII PR Fall Kontakt mit einer Gesundheitseinrichtungversion: null2026.0.0-dev.1)</a></p><p style="margin-bottom: 0px">Security Label: test health data (Details: ActReason code HTEST = 'test health data')</p></div><p><b>identifier</b>: Fallnummer/E0</p><p><b>status</b>: Finished</p><p><b>class</b>: <a href="http://terminology.hl7.org/7.0.0/CodeSystem-v3-ActCode.html#v3-ActCode-IMP">ActCode: IMP</a> (inpatient encounter)</p><p><b>type</b>: <span title="Codes:{http://fhir.de/CodeSystem/Kontaktebene einrichtungskontakt}">Einrichtungskontakt</span></p><p><b>subject</b>: <a href="Patient-mii-exa-person-patient-1.html">Maja Julia Van-der-Dussen (official) Female, DoB: 1998-09-19 ( Krankenaktennummer (use: usual, ))</a></p><p><b>period</b>: 2020-01-08 07:00:00+0100 --&gt; 2020-01-17 18:00:00+0100</p><p><b>account</b>: Account A1 - DRG G23B Appendektomie ohne schwere CC (Identifier: <code>https://www.charite.de/fhir/sid/fallnummer</code>/F-2020-000123)</p><h3>Hospitalizations</h3><table class="grid"><tr><td style="display: none">-</td><td><b>AdmitSource</b></td><td><b>DischargeDisposition</b></td></tr><tr><td style="display: none">*</td><td><span title="Codes:{http://fhir.de/CodeSystem/dgkev/Aufnahmeanlass N}">Notfall</span></td><td><span title="Codes:"></span></td></tr></table><p><b>serviceProvider</b>: Identifier: <code>http://fhir.de/sid/dkgev/iknr</code>/260950472</p></div></div>
  </text>
  <identifier>
    <type>
      <coding>
        <system value="http://terminology.hl7.org/CodeSystem/v2-0203"/>
        <code value="VN"/>
      </coding>
    </type>
    <system value="https://www.charite.de/fhir/sid/aufnahmenummer"/>
    <value value="E0"/>
  </identifier>
  <status value="finished"/>
  <class>
    <system value="http://terminology.hl7.org/CodeSystem/v3-ActCode"/>
    <code value="IMP"/>
  </class>
  <type>
    <coding>
      <system value="http://fhir.de/CodeSystem/Kontaktebene"/>
      <code value="einrichtungskontakt"/>
    </coding>
  </type>
  <subject>
    <reference value="Patient/mii-exa-person-patient-1"/>
  </subject>
  <period>
    <start value="2020-01-08T07:00:00+01:00"/>
    <end value="2020-01-17T18:00:00+01:00"/>
  </period>
  <account>
    <identifier>
      <system value="https://www.charite.de/fhir/sid/fallnummer"/>
      <value value="F-2020-000123"/>
    </identifier>
    <display value="Account A1 - DRG G23B Appendektomie ohne schwere CC"/>
  </account>
  <hospitalization>
    <admitSource>
      <coding>
        <system value="http://fhir.de/CodeSystem/dgkev/Aufnahmeanlass"/>
        <code value="N"/>
        <display value="Notfall"/>
      </coding>
    </admitSource>
    <dischargeDisposition>
      <extension url="http://fhir.de/StructureDefinition/Entlassungsgrund">
        <extension url="ErsteUndZweiteStelle">
          <valueCoding>
            <system value="http://fhir.de/CodeSystem/dkgev/EntlassungsgrundErsteUndZweiteStelle"/>
            <code value="01"/>
            <display value="Behandlung regulär beendet"/>
          </valueCoding>
        </extension>
        <extension url="DritteStelle">
          <valueCoding>
            <system value="http://fhir.de/CodeSystem/dkgev/EntlassungsgrundDritteStelle"/>
            <code value="1"/>
            <display value="arbeitsfähig entlassen"/>
          </valueCoding>
        </extension>
      </extension>
    </dischargeDisposition>
  </hospitalization>
  <serviceProvider>
    <identifier>
      <system value="http://fhir.de/sid/dkgev/iknr"/>
      <value value="260950472"/>
    </identifier>
  </serviceProvider>
</Encounter>