{
  "resourceType" : "Condition",
  "id" : "mii-exa-diagnose-mehrfachcodierung-sekundaercode",
  "meta" : {
    "profile" : ["https://www.medizininformatik-initiative.de/fhir/core/modul-diagnose/StructureDefinition/Diagnose|2026.0.0"],
    "security" : [{
      "system" : "http://terminology.hl7.org/CodeSystem/v3-ActReason",
      "code" : "HTEST",
      "display" : "test health data"
    }]
  },
  "language" : "en",
  "text" : {
    "status" : "extensions",
    "div" : "<div xml:lang=\"en\" lang=\"en\"><hr/><p><b>English</b></p><hr/><p class=\"res-header-id\"><b>Generated Narrative: Condition mii-exa-diagnose-mehrfachcodierung-sekundaercode</b></p><a name=\"mii-exa-diagnose-mehrfachcodierung-sekundaercode\"> </a><a name=\"hcmii-exa-diagnose-mehrfachcodierung-sekundaercode\"> </a><div style=\"display: inline-block; background-color: #d9e0e7; padding: 6px; margin: 4px; border: 1px solid #8da1b4; border-radius: 5px; line-height: 60%\"><p style=\"margin-bottom: 0px\">Language: en</p><p style=\"margin-bottom: 0px\">Profile: <a href=\"StructureDefinition-mii-pr-diagnose-condition.html\">MII PR Diagnose Conditionversion: null2026.0.0)</a></p><p style=\"margin-bottom: 0px\">Security Label: test health data (Details: ActReason code HTEST = 'test health data')</p></div><p><b>Condition Related</b>: <a href=\"Condition-mii-exa-diagnose-mehrfachcodierung-primaercode.html\">Condition Gonokokkeninfektion des Muskel-Skelett-Systems</a></p><p><b>clinicalStatus</b>: <span title=\"Codes:{http://terminology.hl7.org/CodeSystem/condition-clinical active}\">Active</span></p><p><b>verificationStatus</b>: <span title=\"Codes:{http://terminology.hl7.org/CodeSystem/condition-ver-status confirmed}\">Confirmed</span></p><p><b>code</b>: <span title=\"Codes:{http://fhir.de/CodeSystem/bfarm/icd-10-gm M73.04}\">Bursitis gonorrhoica: Hand</span></p><p><b>subject</b>: <a href=\"Patient-mii-exa-person-patient-1.html\">Maja Julia Van-der-Dussen (official) Female, DoB: 1998-09-19 ( Medical record number\u00a0(use:\u00a0usual,\u00a0))</a></p><p><b>encounter</b>: <a href=\"Encounter-mii-exa-fall-kontakt-gesundheitseinrichtung-8.html\">Encounter: identifier = Visit number; status = finished; class = ambulatory (ActCode#AMB); period = 2019-09-26 10:00:00+0200 --&gt; 2019-09-26 12:00:00+0200</a></p><p><b>onset</b>: 2019-09-26</p><p><b>recordedDate</b>: 2019-09-26 11:30:00+0200</p></div>"
  },
  "extension" : [{
    "url" : "http://hl7.org/fhir/StructureDefinition/condition-related",
    "valueReference" : {
      "reference" : "Condition/mii-exa-diagnose-mehrfachcodierung-primaercode"
    }
  }],
  "clinicalStatus" : {
    "coding" : [{
      "system" : "http://terminology.hl7.org/CodeSystem/condition-clinical",
      "code" : "active"
    }]
  },
  "verificationStatus" : {
    "coding" : [{
      "system" : "http://terminology.hl7.org/CodeSystem/condition-ver-status",
      "code" : "confirmed"
    }]
  },
  "code" : {
    "coding" : [{
      "extension" : [{
        "url" : "http://fhir.de/StructureDefinition/icd-10-gm-mehrfachcodierungs-kennzeichen",
        "valueCoding" : {
          "system" : "http://fhir.de/CodeSystem/icd-10-gm-mehrfachcodierungs-kennzeichen",
          "code" : "*"
        }
      }],
      "system" : "http://fhir.de/CodeSystem/bfarm/icd-10-gm",
      "version" : "2020",
      "code" : "M73.04"
    }],
    "text" : "Bursitis gonorrhoica: Hand"
  },
  "subject" : {
    "reference" : "Patient/mii-exa-person-patient-1"
  },
  "encounter" : {
    "reference" : "Encounter/mii-exa-fall-kontakt-gesundheitseinrichtung-8"
  },
  "onsetDateTime" : "2019-09-26",
  "recordedDate" : "2019-09-26T11:30:00+02:00"
}