{
  "resourceType" : "Condition",
  "id" : "mii-exa-person-condition-todesursache",
  "meta" : {
    "profile" : ["https://www.medizininformatik-initiative.de/fhir/core/modul-person/StructureDefinition/Todesursache|2026.0.0"],
    "security" : [{
      "system" : "http://terminology.hl7.org/CodeSystem/v3-ActReason",
      "code" : "HTEST",
      "display" : "test health data"
    }]
  },
  "language" : "en",
  "text" : {
    "status" : "generated",
    "div" : "<div xml:lang=\"en\" lang=\"en\"><hr/><p><b>English</b></p><hr/><p class=\"res-header-id\"><b>Generated Narrative: Condition mii-exa-person-condition-todesursache</b></p><a name=\"mii-exa-person-condition-todesursache\"> </a><a name=\"hcmii-exa-person-condition-todesursache\"> </a><div style=\"display: inline-block; background-color: #d9e0e7; padding: 6px; margin: 4px; border: 1px solid #8da1b4; border-radius: 5px; line-height: 60%\"><p style=\"margin-bottom: 0px\">Language: en</p><p style=\"margin-bottom: 0px\">Profile: <a href=\"StructureDefinition-mii-pr-person-todesursache.html\">MII PR Person Todesursacheversion: null2026.0.0)</a></p><p style=\"margin-bottom: 0px\">Security Label: test health data (Details: ActReason code HTEST = 'test health data')</p></div><p><b>category</b>: <span title=\"Codes:{http://snomed.info/sct 16100001}, {http://loinc.org 79378-6}\">Death diagnosis</span></p><p><b>code</b>: <span title=\"Codes:{http://hl7.org/fhir/sid/icd-10 R96.1}\">Todeseintritt innerhalb von weniger als 24 Stunden nach Beginn der Symptome, ohne anderweitige Angabe</span></p><p><b>subject</b>: <a href=\"Patient-mii-exa-person-patient-pseudonymisiert.html\">Anonymous Patient Female, DoB: 1998 ( Krankenversichertennummer\u00a0(use:\u00a0official,\u00a0))</a></p></div>"
  },
  "category" : [{
    "coding" : [{
      "system" : "http://snomed.info/sct",
      "code" : "16100001"
    },
    {
      "system" : "http://loinc.org",
      "code" : "79378-6"
    }]
  }],
  "code" : {
    "coding" : [{
      "system" : "http://hl7.org/fhir/sid/icd-10",
      "version" : "2019",
      "code" : "R96.1"
    }]
  },
  "subject" : {
    "reference" : "Patient/mii-exa-person-patient-pseudonymisiert"
  }
}