{
  "resourceType" : "Encounter",
  "id" : "mii-exa-fall-kontakt-gesundheitseinrichtung-8",
  "meta" : {
    "profile" : ["https://www.medizininformatik-initiative.de/fhir/core/modul-fall/StructureDefinition/KontaktGesundheitseinrichtung|2026.0.0"],
    "security" : [{
      "system" : "http://terminology.hl7.org/CodeSystem/v3-ActReason",
      "code" : "HTEST",
      "display" : "test health data"
    }]
  },
  "language" : "en",
  "text" : {
    "status" : "generated",
    "div" : "<div xml:lang=\"en\" lang=\"en\"><hr/><p><b>English</b></p><hr/><p class=\"res-header-id\"><b>Generated Narrative: Encounter mii-exa-fall-kontakt-gesundheitseinrichtung-8</b></p><a name=\"mii-exa-fall-kontakt-gesundheitseinrichtung-8\"> </a><a name=\"hcmii-exa-fall-kontakt-gesundheitseinrichtung-8\"> </a><div style=\"display: inline-block; background-color: #d9e0e7; padding: 6px; margin: 4px; border: 1px solid #8da1b4; border-radius: 5px; line-height: 60%\"><p style=\"margin-bottom: 0px\">Language: en</p><p style=\"margin-bottom: 0px\">Profile: <a href=\"StructureDefinition-mii-pr-fall-kontakt-gesundheitseinrichtung.html\">MII PR Fall Kontakt mit einer Gesundheitseinrichtungversion: null2026.0.0)</a></p><p style=\"margin-bottom: 0px\">Security Label: test health data (Details: ActReason code HTEST = 'test health data')</p></div><p><b>identifier</b>: Visit number/F_20190926_001</p><p><b>status</b>: Finished</p><p><b>class</b>: <a href=\"http://terminology.hl7.org/7.0.0/CodeSystem-v3-ActCode.html#v3-ActCode-AMB\">ActCode: AMB</a> (ambulatory)</p><p><b>subject</b>: <a href=\"Patient-mii-exa-person-patient-1.html\">Maja Julia Van-der-Dussen (official) Female, DoB: 1998-09-19 ( Medical record number\u00a0(use:\u00a0usual,\u00a0))</a></p><p><b>period</b>: 2019-09-26 10:00:00+0200 --&gt; 2019-09-26 12:00:00+0200</p><p><b>serviceProvider</b>: Identifier: <code>http://fhir.de/sid/dkgev/iknr</code>/260950472</p></div>"
  },
  "identifier" : [{
    "type" : {
      "coding" : [{
        "system" : "http://terminology.hl7.org/CodeSystem/v2-0203",
        "code" : "VN"
      }]
    },
    "system" : "https://www.charite.de/fhir/sid/aufnahmenummer",
    "value" : "F_20190926_001"
  }],
  "status" : "finished",
  "class" : {
    "system" : "http://terminology.hl7.org/CodeSystem/v3-ActCode",
    "code" : "AMB"
  },
  "subject" : {
    "reference" : "Patient/mii-exa-person-patient-1"
  },
  "period" : {
    "start" : "2019-09-26T10:00:00+02:00",
    "end" : "2019-09-26T12:00:00+02:00"
  },
  "serviceProvider" : {
    "identifier" : {
      "system" : "http://fhir.de/sid/dkgev/iknr",
      "value" : "260950472"
    }
  }
}