{
  "resourceType" : "Encounter",
  "id" : "mii-exa-fall-kontakt-gesundheitseinrichtung-3",
  "meta" : {
    "profile" : ["https://www.medizininformatik-initiative.de/fhir/core/modul-fall/StructureDefinition/KontaktGesundheitseinrichtung|2026.0.0-dev.1"],
    "security" : [{
      "system" : "http://terminology.hl7.org/CodeSystem/v3-ActReason",
      "code" : "HTEST",
      "display" : "test health data"
    }]
  },
  "language" : "en",
  "text" : {
    "status" : "extensions",
    "div" : "<div xml:lang=\"en\" lang=\"en\"><hr/><p><b>English</b></p><hr/><p class=\"res-header-id\"><b>Generated Narrative: Encounter mii-exa-fall-kontakt-gesundheitseinrichtung-3</b></p><a name=\"mii-exa-fall-kontakt-gesundheitseinrichtung-3\"> </a><a name=\"hcmii-exa-fall-kontakt-gesundheitseinrichtung-3\"> </a><div style=\"display: inline-block; background-color: #d9e0e7; padding: 6px; margin: 4px; border: 1px solid #8da1b4; border-radius: 5px; line-height: 60%\"><p style=\"margin-bottom: 0px\">Language: en</p><p style=\"margin-bottom: 0px\">Profile: <a href=\"StructureDefinition-mii-pr-fall-kontakt-gesundheitseinrichtung.html\">MII PR Fall Kontakt mit einer Gesundheitseinrichtungversion: null2026.0.0-dev.1)</a></p><p style=\"margin-bottom: 0px\">Security Label: test health data (Details: ActReason code HTEST = 'test health data')</p></div><p><b>MII EX Fall Planned Start Date</b>: 2024-06-14</p><p><b>MII EX Fall Planned End Date</b>: 2024-06-17</p><p><b>identifier</b>: Visit number/F_20240614_001</p><p><b>status</b>: Planned</p><p><b>class</b>: <a href=\"http://terminology.hl7.org/7.0.0/CodeSystem-v3-ActCode.html#v3-ActCode-IMP\">ActCode: IMP</a> (inpatient encounter)</p><p><b>type</b>: <span title=\"Codes:{http://fhir.de/CodeSystem/Kontaktebene einrichtungskontakt}\">Einrichtungskontakt</span></p><p><b>subject</b>: <a href=\"Patient-mii-exa-person-patient-1.html\">Maja Julia Van-der-Dussen (official) Female, DoB: 1998-09-19 ( Medical record number\u00a0(use:\u00a0usual,\u00a0))</a></p><p><b>serviceProvider</b>: Identifier: <code>http://fhir.de/sid/dkgev/iknr</code>/260950472</p></div>"
  },
  "extension" : [{
    "url" : "http://hl7.org/fhir/5.0/StructureDefinition/extension-Encounter.plannedStartDate",
    "valueDateTime" : "2024-06-14"
  },
  {
    "url" : "http://hl7.org/fhir/5.0/StructureDefinition/extension-Encounter.plannedEndDate",
    "valueDateTime" : "2024-06-17"
  }],
  "identifier" : [{
    "type" : {
      "coding" : [{
        "system" : "http://terminology.hl7.org/CodeSystem/v2-0203",
        "code" : "VN"
      }]
    },
    "system" : "https://www.charite.de/fhir/sid/aufnahmenummer",
    "value" : "F_20240614_001"
  }],
  "status" : "planned",
  "class" : {
    "system" : "http://terminology.hl7.org/CodeSystem/v3-ActCode",
    "code" : "IMP"
  },
  "type" : [{
    "coding" : [{
      "system" : "http://fhir.de/CodeSystem/Kontaktebene",
      "code" : "einrichtungskontakt"
    }]
  }],
  "subject" : {
    "reference" : "Patient/mii-exa-person-patient-1"
  },
  "serviceProvider" : {
    "identifier" : {
      "system" : "http://fhir.de/sid/dkgev/iknr",
      "value" : "260950472"
    }
  }
}