<?xml version="1.0" encoding="UTF-8"?>

<Observation xmlns="http://hl7.org/fhir">
  <id value="mii-exa-person-observation-vitalstatus"/>
  <meta>
    <profile value="https://www.medizininformatik-initiative.de/fhir/core/modul-person/StructureDefinition/Vitalstatus|2026.0.0"/>
    <security>
      <system value="http://terminology.hl7.org/CodeSystem/v3-ActReason"/>
      <code value="HTEST"/>
      <display value="test health data"/>
    </security>
  </meta>
  <language value="en"/>
  <text>
    <status value="generated"/><div xml:lang="en" lang="en"><hr/><p><b>English</b></p><hr/><p class="res-header-id"><b>Generated Narrative: Observation mii-exa-person-observation-vitalstatus</b></p><a name="mii-exa-person-observation-vitalstatus"> </a><a name="hcmii-exa-person-observation-vitalstatus"> </a><div style="display: inline-block; background-color: #d9e0e7; padding: 6px; margin: 4px; border: 1px solid #8da1b4; border-radius: 5px; line-height: 60%"><p style="margin-bottom: 0px">Language: en</p><p style="margin-bottom: 0px">Profile: <a href="StructureDefinition-mii-pr-person-vitalstatus.html">MII PR Person Vitalstatusversion: null2026.0.0)</a></p><p style="margin-bottom: 0px">Security Label: test health data (Details: ActReason code HTEST = 'test health data')</p></div><p><b>status</b>: Final</p><p><b>category</b>: <span title="Codes:{http://terminology.hl7.org/CodeSystem/observation-category survey}">Survey</span></p><p><b>code</b>: <span title="Codes:{http://loinc.org 67162-8}">Patient Disposition</span></p><p><b>subject</b>: <a href="Patient-mii-exa-person-patient-1.html">Maja Julia Van-der-Dussen (official) Female, DoB: 1998-09-19 ( Medical record number (use: usual, ))</a></p><p><b>encounter</b>: <a href="Encounter-mii-exa-fall-kontakt-gesundheitseinrichtung-9.html">Encounter: extension = ; identifier = Visit number; status = finished; class = ambulatory (ActCode#AMB); type = Abteilungskontakt; priority = emergency; period = 2020-01-08 07:00:00+0100 --&gt; 2020-01-08 09:00:00+0100</a></p><p><b>effective</b>: 2020-01-08 07:00:00+0100</p><p><b>value</b>: <span title="Codes:{https://www.medizininformatik-initiative.de/fhir/core/modul-person/CodeSystem/Vitalstatus L}">Patient lebt</span></p></div>
  </text>
  <status value="final"/>
  <category>
    <coding>
      <system value="http://terminology.hl7.org/CodeSystem/observation-category"/>
      <code value="survey"/>
    </coding>
  </category>
  <code>
    <coding>
      <system value="http://loinc.org"/>
      <code value="67162-8"/>
    </coding>
  </code>
  <subject>
    <reference value="Patient/mii-exa-person-patient-1"/>
  </subject>
  <encounter>
    <reference value="Encounter/mii-exa-fall-kontakt-gesundheitseinrichtung-9"/>
  </encounter>
  <effectiveDateTime value="2020-01-08T07:00:00+01:00"/>
  <valueCodeableConcept>
    <coding>
      <system value="https://www.medizininformatik-initiative.de/fhir/core/modul-person/CodeSystem/Vitalstatus"/>
      <code value="L"/>
      <display value="Patient lebt"/>
    </coding>
  </valueCodeableConcept>
</Observation>