<?xml version="1.0" encoding="UTF-8"?>

<ValueSet xmlns="http://hl7.org/fhir">
  <id value="mii-vs-person-vitalstatus"/>
  <meta>
    <profile value="http://hl7.org/fhir/StructureDefinition/shareablevalueset"/>
  </meta>
  <language value="en"/>
  <text>
    <status value="generated"/><div xml:lang="en" lang="en"><hr/><p><b>English</b></p><hr/><p class="res-header-id"><b>Generated Narrative: ValueSet mii-vs-person-vitalstatus</b></p><a name="mii-vs-person-vitalstatus"> </a><a name="hcmii-vs-person-vitalstatus"> </a><div style="display: inline-block; background-color: #d9e0e7; padding: 6px; margin: 4px; border: 1px solid #8da1b4; border-radius: 5px; line-height: 60%"><p style="margin-bottom: 0px"/><p style="margin-bottom: 0px">Profile: <a href="http://hl7.org/fhir/R4/shareablevalueset.html">Shareable ValueSet</a></p></div><ul><li>Include all codes defined in <a href="CodeSystem-mii-cs-person-vitalstatus.html"><code>https://www.medizininformatik-initiative.de/fhir/core/modul-person/CodeSystem/Vitalstatus</code></a><span title="Version is not explicitly stated, which means it is fixed to the version provided in this specification"> version &#x1F4E6;2026.0.0</span></li></ul></div>
  </text>
  <extension url="https://www.medizininformatik-initiative.de/fhir/modul-meta/StructureDefinition/mii-ex-meta-license-codeable">
    <valueCodeableConcept>
      <coding>
        <system value="http://hl7.org/fhir/spdx-license"/>
        <code value="CC-BY-4.0"/>
        <display value="Creative Commons Attribution 4.0 International"/>
      </coding>
    </valueCodeableConcept>
  </extension>
  <url value="https://www.medizininformatik-initiative.de/fhir/core/modul-person/ValueSet/Vitalstatus"/>
  <version value="2026.0.0"/>
  <name value="MII_VS_Person_Vitalstatus"/>
  <title value="MII VS Person Vitalstatus"/>
  <status value="active"/>
  <experimental value="false"/>
  <date value="2024-12-04"/>
  <publisher value="Medical Informatics Initiative (MII)"/>
  <contact>
    <name value="Medical Informatics Initiative (MII)"/>
    <telecom>
      <system value="url"/>
      <value value="https://www.medizininformatik-initiative.de/en"/>
    </telecom>
  </contact>
  <description value="Enthält alle Werte, die den Vitalstatus einer Person beschreiben."/>
  <jurisdiction>
    <coding>
      <system value="urn:iso:std:iso:3166"/>
      <code value="DE"/>
      <display value="Germany"/>
    </coding>
  </jurisdiction>
  <compose>
    <include>
      <system value="https://www.medizininformatik-initiative.de/fhir/core/modul-person/CodeSystem/Vitalstatus"/>
    </include>
  </compose>
</ValueSet>