{
  "resourceType" : "ValueSet",
  "id" : "mii-vs-prozedur-opskategorien-snomedct",
  "text" : {
    "status" : "generated",
    "div" : "<div xmlns=\"http://www.w3.org/1999/xhtml\"><div xml:lang=\"en\" lang=\"en\"><hr/><p><b>English</b></p><hr/><p class=\"res-header-id\"><b>Generated Narrative: ValueSet mii-vs-prozedur-opskategorien-snomedct</b></p><a name=\"mii-vs-prozedur-opskategorien-snomedct\"> </a><a name=\"hcmii-vs-prozedur-opskategorien-snomedct\"> </a><ul><li>Include these codes as defined in <a href=\"http://www.snomed.org/\"><code>http://snomed.info/sct</code></a><span title=\"Version is explicitly stated to be http://snomed.info/sct/900000000000207008/version/20250701\"> version &#x1F4CD;</span><table class=\"none\"><tr><td style=\"white-space:nowrap\"><b>Code</b></td><td><b>Display</b></td></tr><tr><td><a href=\"http://snomed.info/sct/900000000000207008/id/165197003\">165197003</a></td><td>Diagnostic assessment</td></tr><tr><td><a href=\"http://snomed.info/sct/900000000000207008/id/363679005\">363679005</a></td><td>Imaging</td></tr><tr><td><a href=\"http://snomed.info/sct/900000000000207008/id/387713003\">387713003</a></td><td>Surgical procedure</td></tr><tr><td><a href=\"http://snomed.info/sct/900000000000207008/id/18629005\">18629005</a></td><td>Administration of drug or medicament</td></tr><tr><td><a href=\"http://snomed.info/sct/900000000000207008/id/277132007\">277132007</a></td><td>Therapeutic procedure</td></tr><tr><td><a href=\"http://snomed.info/sct/900000000000207008/id/394841004\">394841004</a></td><td>Other category</td></tr></table></li></ul></div><div xml:lang=\"de\" lang=\"de\"><hr/><p><b>German</b></p><hr/><p class=\"res-header-id\"><b>Generated Narrative: ValueSet mii-vs-prozedur-opskategorien-snomedct</b></p><a name=\"de-mii-vs-prozedur-opskategorien-snomedct\"> </a><a name=\"de-hcmii-vs-prozedur-opskategorien-snomedct\"> </a><ul><li>Include these codes as defined in <a href=\"http://www.snomed.org/\"><code>http://snomed.info/sct</code></a><span title=\"Version is explicitly stated to be http://snomed.info/sct/900000000000207008/version/20250701\"> version &#x1F4CD;</span><table class=\"none\"><tr><td style=\"white-space:nowrap\"><b>Code</b></td><td><b>Display</b></td></tr><tr><td><a href=\"http://snomed.info/sct/900000000000207008/id/165197003\">165197003</a></td><td>Diagnostic assessment</td></tr><tr><td><a href=\"http://snomed.info/sct/900000000000207008/id/363679005\">363679005</a></td><td>Imaging</td></tr><tr><td><a href=\"http://snomed.info/sct/900000000000207008/id/387713003\">387713003</a></td><td>Surgical procedure</td></tr><tr><td><a href=\"http://snomed.info/sct/900000000000207008/id/18629005\">18629005</a></td><td>Administration of drug or medicament</td></tr><tr><td><a href=\"http://snomed.info/sct/900000000000207008/id/277132007\">277132007</a></td><td>Therapeutic procedure</td></tr><tr><td><a href=\"http://snomed.info/sct/900000000000207008/id/394841004\">394841004</a></td><td>Other category</td></tr></table></li></ul></div></div>"
  },
  "extension" : [{
    "url" : "https://www.medizininformatik-initiative.de/fhir/modul-meta/StructureDefinition/mii-ex-meta-license-codeable",
    "valueCodeableConcept" : {
      "coding" : [{
        "system" : "http://hl7.org/fhir/spdx-license",
        "code" : "CC-BY-4.0",
        "display" : "Creative Commons Attribution 4.0 International"
      }]
    }
  }],
  "url" : "https://www.medizininformatik-initiative.de/fhir/core/modul-prozedur/ValueSet/procedures-category-sct",
  "version" : "2026.0.0",
  "name" : "MII_VS_Prozedur_OpsKategorien_SNOMEDCT",
  "title" : "MII VS Prozedur OPS Kategorien [SNOMED CT]",
  "status" : "active",
  "experimental" : false,
  "date" : "2025-12-12",
  "publisher" : "Medical Informatics Initiative (MII)",
  "_publisher" : {
    "extension" : [{
      "extension" : [{
        "url" : "lang",
        "valueCode" : "de"
      },
      {
        "url" : "content",
        "valueString" : "Medizininformatik-Initiative (MII)"
      }],
      "url" : "http://hl7.org/fhir/StructureDefinition/translation"
    }]
  },
  "contact" : [{
    "name" : "Medical Informatics Initiative (MII)",
    "telecom" : [{
      "system" : "url",
      "value" : "https://www.medizininformatik-initiative.de/en"
    }]
  }],
  "description" : "Enthaelt alle SNOMED CT Codes für ein Mapping der OPS Klassentitel",
  "jurisdiction" : [{
    "coding" : [{
      "system" : "urn:iso:std:iso:3166",
      "code" : "DE",
      "display" : "Germany"
    }]
  }],
  "copyright" : "This material includes SNOMED Clinical Terms® (SNOMED CT®) which is used by permission of SNOMED International. All rights reserved. SNOMED CT®, was originally created by The College of American Pathologists. SNOMED and SNOMED CT are registered trademarks of SNOMED International. Implementers of these artefacts must have the appropriate SNOMED CT Affiliate license.",
  "compose" : {
    "include" : [{
      "system" : "http://snomed.info/sct",
      "version" : "http://snomed.info/sct/900000000000207008/version/20250701",
      "concept" : [{
        "code" : "165197003",
        "display" : "Diagnostic assessment"
      },
      {
        "code" : "363679005",
        "display" : "Imaging"
      },
      {
        "code" : "387713003",
        "display" : "Surgical procedure"
      },
      {
        "code" : "18629005",
        "display" : "Administration of drug or medicament"
      },
      {
        "code" : "277132007",
        "display" : "Therapeutic procedure"
      },
      {
        "code" : "394841004",
        "display" : "Other category"
      }]
    }]
  }
}