URL,Version,Status,OIDs,Name,Title,Description,Used
https://www.medizininformatik-initiative.de/fhir/core/modul-diagnose/CodeSystem/mii-cs-diagnose-lebensphase-supplement-snomed,2026.0.0-dev.1,active,,MII_CS_Diagnose_Lebensphase_Supplement_SNOMED,MII CS Diagnose Lebensphase Supplement SNOMED,"CodeSystem Supplement mit Definitionen zu den SNOMED-Konzepten für Lebensphasen.",
https://www.medizininformatik-initiative.de/fhir/core/modul-fall/CodeSystem/SupplementActEncounterCode,2026.0.0-dev.1,active,,MII_CS_Fall_SupplementActEncounterCode,MII CS Fall Supplement ActEncounterCode,"CodeSystem Supplement für ActEncounterCode",
https://www.medizininformatik-initiative.de/fhir/core/modul-fall/CodeSystem/SupplementPatientClass,2026.0.0-dev.1,active,,MII_CS_Fall_SupplementPatientClass,MII CS Fall Supplement PatientClass,"CodeSystem Supplement für v2-0004",
https://www.medizininformatik-initiative.de/fhir/core/modul-person/CodeSystem/Vitalstatus,2026.0.0-dev.1,active,,MII_CS_Person_Vitalstatus,MII CS Person Vitalstatus,"Vitalstatus des Patienten","ValueSet/mii-vs-person-vitalstatus"
