<?xml version="1.0" encoding="UTF-8"?><ValueSet xmlns="http://hl7.org/fhir"><id value="mii-vs-prozedur-durchfuehrungsabsicht-snomedct"/><text><status value="generated"/><div xmlns="http://www.w3.org/1999/xhtml"><div xml:lang="en" lang="en"><hr/><p><b>English</b></p><hr/><p class="res-header-id"><b>Generated Narrative: ValueSet mii-vs-prozedur-durchfuehrungsabsicht-snomedct</b></p><a name="mii-vs-prozedur-durchfuehrungsabsicht-snomedct"> </a><a name="hcmii-vs-prozedur-durchfuehrungsabsicht-snomedct"> </a><ul><li>Include these codes as defined in <a href="http://www.snomed.org/"><code>http://snomed.info/sct</code></a><span title="Version is explicitly stated to be http://snomed.info/sct/900000000000207008/version/20240701"> version 📍</span><table class="none"><tr><td style="white-space:nowrap"><b>Code</b></td><td><b>Display</b></td></tr><tr><td><a href="http://snomed.info/sct/900000000000207008/id/262202000">262202000</a></td><td>Therapeutic</td></tr><tr><td><a href="http://snomed.info/sct/900000000000207008/id/363676003">363676003</a></td><td>Palliative intent</td></tr><tr><td><a href="http://snomed.info/sct/900000000000207008/id/261004008">261004008</a></td><td>Diagnostic intent</td></tr><tr><td><a href="http://snomed.info/sct/900000000000207008/id/264931009">264931009</a></td><td>Symptomatic</td></tr><tr><td><a href="http://snomed.info/sct/900000000000207008/id/255231005">255231005</a></td><td>Revision - value</td></tr><tr><td><a href="http://snomed.info/sct/900000000000207008/id/255302009">255302009</a></td><td>Complicated</td></tr><tr><td><a href="http://snomed.info/sct/900000000000207008/id/129428001">129428001</a></td><td>Preventive intent</td></tr><tr><td><a href="http://snomed.info/sct/900000000000207008/id/394602003">394602003</a></td><td>Rehabilitation - speciality</td></tr><tr><td><a href="http://snomed.info/sct/900000000000207008/id/74964007">74964007</a></td><td>Other</td></tr></table></li></ul></div><div xml:lang="de" lang="de"><hr/><p><b>German</b></p><hr/><p class="res-header-id"><b>Generated Narrative: ValueSet mii-vs-prozedur-durchfuehrungsabsicht-snomedct</b></p><a name="de-mii-vs-prozedur-durchfuehrungsabsicht-snomedct"> </a><a name="de-hcmii-vs-prozedur-durchfuehrungsabsicht-snomedct"> </a><ul><li>Include these codes as defined in <a href="http://www.snomed.org/"><code>http://snomed.info/sct</code></a><span title="Version is explicitly stated to be http://snomed.info/sct/900000000000207008/version/20240701"> version 📍</span><table class="none"><tr><td style="white-space:nowrap"><b>Code</b></td><td><b>Display</b></td></tr><tr><td><a href="http://snomed.info/sct/900000000000207008/id/262202000">262202000</a></td><td>Therapeutic</td></tr><tr><td><a href="http://snomed.info/sct/900000000000207008/id/363676003">363676003</a></td><td>Palliative intent</td></tr><tr><td><a href="http://snomed.info/sct/900000000000207008/id/261004008">261004008</a></td><td>Diagnostic intent</td></tr><tr><td><a href="http://snomed.info/sct/900000000000207008/id/264931009">264931009</a></td><td>Symptomatic</td></tr><tr><td><a href="http://snomed.info/sct/900000000000207008/id/255231005">255231005</a></td><td>Revision - value</td></tr><tr><td><a href="http://snomed.info/sct/900000000000207008/id/255302009">255302009</a></td><td>Complicated</td></tr><tr><td><a href="http://snomed.info/sct/900000000000207008/id/129428001">129428001</a></td><td>Preventive intent</td></tr><tr><td><a href="http://snomed.info/sct/900000000000207008/id/394602003">394602003</a></td><td>Rehabilitation - speciality</td></tr><tr><td><a href="http://snomed.info/sct/900000000000207008/id/74964007">74964007</a></td><td>Other</td></tr></table></li></ul></div></div></text><extension url="https://www.medizininformatik-initiative.de/fhir/modul-meta/StructureDefinition/mii-ex-meta-license-codeable"><valueCodeableConcept><coding><system value="http://hl7.org/fhir/spdx-license"/><code value="CC-BY-4.0"/><display value="Creative Commons Attribution 4.0 International"/></coding></valueCodeableConcept></extension><url value="https://www.medizininformatik-initiative.de/fhir/core/modul-prozedur/ValueSet/procedures-intend"/><version value="2026.0.0-dev.1"/><name value="MII_VS_Prozedur_Durchfuehrungsabsicht_SNOMEDCT"/><title value="MII VS Prozedur Durchführungsabsicht [SNOMED CT]"/><status value="active"/><experimental value="false"/><date value="2024-12-09"/><publisher value="Medical Informatics Initiative (MII)"><extension url="http://hl7.org/fhir/StructureDefinition/translation"><extension url="lang"><valueCode value="de"/></extension><extension url="content"><valueString value="Medizininformatik-Initiative (MII)"/></extension></extension></publisher><contact><name value="Medical Informatics Initiative (MII)"/><telecom><system value="url"/><value value="https://www.medizininformatik-initiative.de/en"/></telecom></contact><description value="Durchführungsabsicht / Intention mit der Prozedur ausgeführt wird"/><jurisdiction><coding><system value="urn:iso:std:iso:3166"/><code value="DE"/><display value="Germany"/></coding></jurisdiction><copyright value="This material includes SNOMED Clinical Terms® (SNOMED CT®) which is used by permission of SNOMED International. All rights reserved. SNOMED CT®, was originally created by The College of American Pathologists. SNOMED and SNOMED CT are registered trademarks of SNOMED International. Implementers of these artefacts must have the appropriate SNOMED CT Affiliate license."/><compose><include><system value="http://snomed.info/sct"/><version value="http://snomed.info/sct/900000000000207008/version/20240701"/><concept><code value="262202000"/><display value="Therapeutic"/></concept><concept><code value="363676003"/><display value="Palliative intent"/></concept><concept><code value="261004008"/><display value="Diagnostic intent"/></concept><concept><code value="264931009"/><display value="Symptomatic"/></concept><concept><code value="255231005"/><display value="Revision - value"/></concept><concept><code value="255302009"/><display value="Complicated"/></concept><concept><code value="129428001"/><display value="Preventive intent"/></concept><concept><code value="394602003"/><display value="Rehabilitation - speciality"/></concept><concept><code value="74964007"/><display value="Other"/></concept></include></compose></ValueSet>