<?xml version="1.0" encoding="UTF-8"?><ValueSet xmlns="http://hl7.org/fhir"><id value="mii-vs-person-icd10who"/><meta><profile value="http://hl7.org/fhir/StructureDefinition/shareablevalueset"/></meta><text><status value="generated"/><div xmlns="http://www.w3.org/1999/xhtml"><div xml:lang="en" lang="en"><hr/><p><b>English</b></p><hr/><p class="res-header-id"><b>Generated Narrative: ValueSet mii-vs-person-icd10who</b></p><a name="mii-vs-person-icd10who"> </a><a name="hcmii-vs-person-icd10who"> </a><div style="display: inline-block; background-color: #d9e0e7; padding: 6px; margin: 4px; border: 1px solid #8da1b4; border-radius: 5px; line-height: 60%"><p style="margin-bottom: 0px"/><p style="margin-bottom: 0px">Profile: <a href="http://hl7.org/fhir/R4/shareablevalueset.html">Shareable ValueSet</a></p></div><p>This value set includes codes based on the following rules:</p><ul><li>Include all codes defined in <code>http://hl7.org/fhir/sid/icd-10</code><span title="Version is explicitly stated to be 2011"> version 📍</span></li><li>Include all codes defined in <code>http://hl7.org/fhir/sid/icd-10</code><span title="Version is explicitly stated to be 2013"> version 📍</span></li><li>Include all codes defined in <code>http://hl7.org/fhir/sid/icd-10</code><span title="Version is explicitly stated to be 2016"> version 📍</span></li><li>Include all codes defined in <code>http://hl7.org/fhir/sid/icd-10</code><span title="Version is explicitly stated to be 2019"> version 📍</span></li></ul></div><div xml:lang="de" lang="de"><hr/><p><b>German</b></p><hr/><p class="res-header-id"><b>Generated Narrative: ValueSet mii-vs-person-icd10who</b></p><a name="de-mii-vs-person-icd10who"> </a><a name="de-hcmii-vs-person-icd10who"> </a><div style="display: inline-block; background-color: #d9e0e7; padding: 6px; margin: 4px; border: 1px solid #8da1b4; border-radius: 5px; line-height: 60%"><p style="margin-bottom: 0px"/><p style="margin-bottom: 0px">Profile: <a href="http://hl7.org/fhir/R4/shareablevalueset.html">Shareable ValueSet</a></p></div><p>This value set includes codes based on the following rules:</p><ul><li>Include all codes defined in <code>http://hl7.org/fhir/sid/icd-10</code><span title="Version is explicitly stated to be 2011"> version 📍</span></li><li>Include all codes defined in <code>http://hl7.org/fhir/sid/icd-10</code><span title="Version is explicitly stated to be 2013"> version 📍</span></li><li>Include all codes defined in <code>http://hl7.org/fhir/sid/icd-10</code><span title="Version is explicitly stated to be 2016"> version 📍</span></li><li>Include all codes defined in <code>http://hl7.org/fhir/sid/icd-10</code><span title="Version is explicitly stated to be 2019"> version 📍</span></li></ul></div></div></text><extension url="https://www.medizininformatik-initiative.de/fhir/modul-meta/StructureDefinition/mii-ex-meta-license-codeable"><valueCodeableConcept><coding><system value="http://hl7.org/fhir/spdx-license"/><code value="CC-BY-4.0"/><display value="Creative Commons Attribution 4.0 International"/></coding></valueCodeableConcept></extension><url value="https://www.medizininformatik-initiative.de/fhir/core/modul-person/ValueSet/mii-vs-person-icd10who"/><version value="2026.0.0-dev.1"/><name value="MII_VS_Person_ICD10WHO"/><title value="MII VS Person ICD-10-WHO"/><status value="active"/><experimental value="true"/><date value="2025-12-08"/><publisher value="Medical Informatics Initiative (MII)"><extension url="http://hl7.org/fhir/StructureDefinition/translation"><extension url="lang"><valueCode value="de"/></extension><extension url="content"><valueString value="Medizininformatik-Initiative (MII)"/></extension></extension></publisher><contact><name value="Medical Informatics Initiative (MII)"/><telecom><system value="url"/><value value="https://www.medizininformatik-initiative.de/en"/></telecom></contact><description value="MII VS Person ICD-10-WHO"/><jurisdiction><coding><system value="urn:iso:std:iso:3166"/><code value="DE"/><display value="Germany"/></coding></jurisdiction><copyright value="BfArM - Bundesinstitut für Arzneimittel und Medizinprodukte"/><compose><include><system value="http://hl7.org/fhir/sid/icd-10"/><version value="2011"/></include><include><system value="http://hl7.org/fhir/sid/icd-10"/><version value="2013"/></include><include><system value="http://hl7.org/fhir/sid/icd-10"/><version value="2016"/></include><include><system value="http://hl7.org/fhir/sid/icd-10"/><version value="2019"/></include></compose></ValueSet>