<?xml version="1.0" encoding="UTF-8"?><ValueSet xmlns="http://hl7.org/fhir"><id value="mii-vs-prozedur-opskategorien-snomedct"/><text><status value="generated"/><div xmlns="http://www.w3.org/1999/xhtml"><div xml:lang="en" lang="en"><hr/><p><b>English</b></p><hr/><p class="res-header-id"><b>Generated Narrative: ValueSet mii-vs-prozedur-opskategorien-snomedct</b></p><a name="mii-vs-prozedur-opskategorien-snomedct"> </a><a name="hcmii-vs-prozedur-opskategorien-snomedct"> </a><ul><li>Include these codes as defined in <a href="http://www.snomed.org/"><code>http://snomed.info/sct</code></a><span title="Version is explicitly stated to be http://snomed.info/sct/900000000000207008/version/20240701"> version 📍</span><table class="none"><tr><td style="white-space:nowrap"><b>Code</b></td><td><b>Display</b></td></tr><tr><td><a href="http://snomed.info/sct/900000000000207008/id/165197003">165197003</a></td><td>Diagnostic assessment</td></tr><tr><td><a href="http://snomed.info/sct/900000000000207008/id/363679005">363679005</a></td><td>Imaging</td></tr><tr><td><a href="http://snomed.info/sct/900000000000207008/id/387713003">387713003</a></td><td>Surgical procedure</td></tr><tr><td><a href="http://snomed.info/sct/900000000000207008/id/18629005">18629005</a></td><td>Administration of drug or medicament</td></tr><tr><td><a href="http://snomed.info/sct/900000000000207008/id/277132007">277132007</a></td><td>Therapeutic procedure</td></tr><tr><td><a href="http://snomed.info/sct/900000000000207008/id/394841004">394841004</a></td><td>Other category</td></tr></table></li></ul></div><div xml:lang="de" lang="de"><hr/><p><b>German</b></p><hr/><p class="res-header-id"><b>Generated Narrative: ValueSet mii-vs-prozedur-opskategorien-snomedct</b></p><a name="de-mii-vs-prozedur-opskategorien-snomedct"> </a><a name="de-hcmii-vs-prozedur-opskategorien-snomedct"> </a><ul><li>Include these codes as defined in <a href="http://www.snomed.org/"><code>http://snomed.info/sct</code></a><span title="Version is explicitly stated to be http://snomed.info/sct/900000000000207008/version/20240701"> version 📍</span><table class="none"><tr><td style="white-space:nowrap"><b>Code</b></td><td><b>Display</b></td></tr><tr><td><a href="http://snomed.info/sct/900000000000207008/id/165197003">165197003</a></td><td>Diagnostic assessment</td></tr><tr><td><a href="http://snomed.info/sct/900000000000207008/id/363679005">363679005</a></td><td>Imaging</td></tr><tr><td><a href="http://snomed.info/sct/900000000000207008/id/387713003">387713003</a></td><td>Surgical procedure</td></tr><tr><td><a href="http://snomed.info/sct/900000000000207008/id/18629005">18629005</a></td><td>Administration of drug or medicament</td></tr><tr><td><a href="http://snomed.info/sct/900000000000207008/id/277132007">277132007</a></td><td>Therapeutic procedure</td></tr><tr><td><a href="http://snomed.info/sct/900000000000207008/id/394841004">394841004</a></td><td>Other category</td></tr></table></li></ul></div></div></text><extension url="https://www.medizininformatik-initiative.de/fhir/modul-meta/StructureDefinition/mii-ex-meta-license-codeable"><valueCodeableConcept><coding><system value="http://hl7.org/fhir/spdx-license"/><code value="CC-BY-4.0"/><display value="Creative Commons Attribution 4.0 International"/></coding></valueCodeableConcept></extension><url value="https://www.medizininformatik-initiative.de/fhir/core/modul-prozedur/ValueSet/procedures-category-sct"/><version value="2026.0.0"/><name value="MII_VS_Prozedur_OpsKategorien_SNOMEDCT"/><title value="MII VS Prozedur OPS Kategorien [SNOMED CT]"/><status value="active"/><experimental value="false"/><date value="2024-12-09"/><publisher value="Medical Informatics Initiative (MII)"><extension url="http://hl7.org/fhir/StructureDefinition/translation"><extension url="lang"><valueCode value="de"/></extension><extension url="content"><valueString value="Medizininformatik-Initiative (MII)"/></extension></extension></publisher><contact><name value="Medical Informatics Initiative (MII)"/><telecom><system value="url"/><value value="https://www.medizininformatik-initiative.de/en"/></telecom></contact><description value="Enthaelt alle SNOMED CT Codes für ein Mapping der OPS Klassentitel"/><jurisdiction><coding><system value="urn:iso:std:iso:3166"/><code value="DE"/><display value="Germany"/></coding></jurisdiction><copyright value="This material includes SNOMED Clinical Terms® (SNOMED CT®) which is used by permission of SNOMED International. All rights reserved. SNOMED CT®, was originally created by The College of American Pathologists. SNOMED and SNOMED CT are registered trademarks of SNOMED International. Implementers of these artefacts must have the appropriate SNOMED CT Affiliate license."/><compose><include><system value="http://snomed.info/sct"/><version value="http://snomed.info/sct/900000000000207008/version/20240701"/><concept><code value="165197003"/><display value="Diagnostic assessment"/></concept><concept><code value="363679005"/><display value="Imaging"/></concept><concept><code value="387713003"/><display value="Surgical procedure"/></concept><concept><code value="18629005"/><display value="Administration of drug or medicament"/></concept><concept><code value="277132007"/><display value="Therapeutic procedure"/></concept><concept><code value="394841004"/><display value="Other category"/></concept></include></compose></ValueSet>