{"resourceType":"CodeSystem","id":"mii-cs-diagnose-lebensphase-supplement-snomed","meta":{"profile":["http://hl7.org/fhir/StructureDefinition/shareablecodesystem"]},"text":{"status":"generated","div":"<div xmlns=\"http://www.w3.org/1999/xhtml\"><div xml:lang=\"en\" lang=\"en\"><hr/><p><b>English</b></p><hr/><p class=\"res-header-id\"><b>Generated Narrative: CodeSystem mii-cs-diagnose-lebensphase-supplement-snomed</b></p><a name=\"mii-cs-diagnose-lebensphase-supplement-snomed\"> </a><a name=\"hcmii-cs-diagnose-lebensphase-supplement-snomed\"> </a><div style=\"display: inline-block; background-color: #d9e0e7; padding: 6px; margin: 4px; border: 1px solid #8da1b4; border-radius: 5px; line-height: 60%\"><p style=\"margin-bottom: 0px\"/><p style=\"margin-bottom: 0px\">Profile: <a href=\"http://hl7.org/fhir/R4/shareablecodesystem.html\">Shareable CodeSystem</a></p></div><p><b>Properties</b></p><p><b>This code system defines the following properties for its concepts</b></p><table class=\"grid\"><tr><td><b>Name</b></td><td><b>Code</b></td><td><b>URI</b></td><td><b>Type</b></td></tr><tr><td>comment</td><td>comment</td><td>http://hl7.org/fhir/concept-properties#comment</td><td>string</td></tr></table><p><b>Concepts</b></p><p>This code system supplement <code>https://www.medizininformatik-initiative.de/fhir/core/modul-diagnose/CodeSystem/mii-cs-diagnose-lebensphase-supplement-snomed</code> defines properties on the following codes:</p><table class=\"codes\"><tr><td style=\"white-space:nowrap\"><b>Code</b></td><td><b>Display</b></td><td><b>comment</b></td></tr><tr><td><a style=\"white-space:nowrap\" href=\"http://snomed.info/id/271872005\">271872005</a><a name=\"mii-cs-diagnose-lebensphase-supplement-snomed-271872005\"> </a></td><td>Old age (qualifier value)</td><td>Ältere Person/ Senioren (mit Beginn des 65. Lebensjahres)</td></tr><tr><td><a style=\"white-space:nowrap\" href=\"http://snomed.info/id/41847000\">41847000</a><a name=\"mii-cs-diagnose-lebensphase-supplement-snomed-41847000\"> </a></td><td>Adulthood (qualifier value)</td><td>Erwachsener (ab Beginn des 19. Lebensjahres)</td></tr><tr><td><a style=\"white-space:nowrap\" href=\"http://snomed.info/id/263659003\">263659003</a><a name=\"mii-cs-diagnose-lebensphase-supplement-snomed-263659003\"> </a></td><td>Adolescence (qualifier value)</td><td>Jugendlicher (ab Beginn des 13. bis zum vollendeten 18. Lebensjahres)</td></tr><tr><td><a style=\"white-space:nowrap\" href=\"http://snomed.info/id/255398004\">255398004</a><a name=\"mii-cs-diagnose-lebensphase-supplement-snomed-255398004\"> </a></td><td>Childhood (qualifier value)</td><td>Kind (ab Beginn des 4. bis zum vollendeten 12. Lebensjahres)</td></tr><tr><td><a style=\"white-space:nowrap\" href=\"http://snomed.info/id/713153009\">713153009</a><a name=\"mii-cs-diagnose-lebensphase-supplement-snomed-713153009\"> </a></td><td>Toddler (qualifier value)</td><td>Kleinkind (ab Beginn des 13. Lebensmonat bis zum vollendeten 3. Lebensjahr)</td></tr><tr><td><a style=\"white-space:nowrap\" href=\"http://snomed.info/id/3658006\">3658006</a><a name=\"mii-cs-diagnose-lebensphase-supplement-snomed-3658006\"> </a></td><td>Infancy (qualifier value)</td><td>Säugling (ab Beginn des 29. Lebenstages bis zum vollendeten 12. Lebensmonat)</td></tr><tr><td><a style=\"white-space:nowrap\" href=\"http://snomed.info/id/255407002\">255407002</a><a name=\"mii-cs-diagnose-lebensphase-supplement-snomed-255407002\"> </a></td><td>Neonatal (qualifier value)</td><td>Neugeborenes (bis zum vollendeten 28. Lebenstag)</td></tr></table></div><div xml:lang=\"de\" lang=\"de\"><hr/><p><b>German</b></p><hr/><p class=\"res-header-id\"><b>Generated Narrative: CodeSystem mii-cs-diagnose-lebensphase-supplement-snomed</b></p><a name=\"de-mii-cs-diagnose-lebensphase-supplement-snomed\"> </a><a name=\"de-hcmii-cs-diagnose-lebensphase-supplement-snomed\"> </a><div style=\"display: inline-block; background-color: #d9e0e7; padding: 6px; margin: 4px; border: 1px solid #8da1b4; border-radius: 5px; line-height: 60%\"><p style=\"margin-bottom: 0px\"/><p style=\"margin-bottom: 0px\">Profile: <a href=\"http://hl7.org/fhir/R4/shareablecodesystem.html\">Shareable CodeSystem</a></p></div><p><b>Properties</b></p><p><b>This code system defines the following properties for its concepts</b></p><table class=\"grid\"><tr><td><b>Name</b></td><td><b>Code</b></td><td><b>URI</b></td><td><b>Type</b></td></tr><tr><td>comment</td><td>comment</td><td>http://hl7.org/fhir/concept-properties#comment</td><td>string</td></tr></table><p><b>Concepts</b></p><p>This code system supplement <code>https://www.medizininformatik-initiative.de/fhir/core/modul-diagnose/CodeSystem/mii-cs-diagnose-lebensphase-supplement-snomed</code> defines properties on the following codes:</p><table class=\"codes\"><tr><td style=\"white-space:nowrap\"><b>Code</b></td><td><b>Display</b></td><td><b>comment</b></td></tr><tr><td><a style=\"white-space:nowrap\" href=\"http://snomed.info/id/271872005\">271872005</a><a name=\"de-mii-cs-diagnose-lebensphase-supplement-snomed-271872005\"> </a></td><td>Old age (qualifier value)</td><td>Ältere Person/ Senioren (mit Beginn des 65. Lebensjahres)</td></tr><tr><td><a style=\"white-space:nowrap\" href=\"http://snomed.info/id/41847000\">41847000</a><a name=\"de-mii-cs-diagnose-lebensphase-supplement-snomed-41847000\"> </a></td><td>Adulthood (qualifier value)</td><td>Erwachsener (ab Beginn des 19. Lebensjahres)</td></tr><tr><td><a style=\"white-space:nowrap\" href=\"http://snomed.info/id/263659003\">263659003</a><a name=\"de-mii-cs-diagnose-lebensphase-supplement-snomed-263659003\"> </a></td><td>Adolescence (qualifier value)</td><td>Jugendlicher (ab Beginn des 13. bis zum vollendeten 18. Lebensjahres)</td></tr><tr><td><a style=\"white-space:nowrap\" href=\"http://snomed.info/id/255398004\">255398004</a><a name=\"de-mii-cs-diagnose-lebensphase-supplement-snomed-255398004\"> </a></td><td>Childhood (qualifier value)</td><td>Kind (ab Beginn des 4. bis zum vollendeten 12. Lebensjahres)</td></tr><tr><td><a style=\"white-space:nowrap\" href=\"http://snomed.info/id/713153009\">713153009</a><a name=\"de-mii-cs-diagnose-lebensphase-supplement-snomed-713153009\"> </a></td><td>Toddler (qualifier value)</td><td>Kleinkind (ab Beginn des 13. Lebensmonat bis zum vollendeten 3. Lebensjahr)</td></tr><tr><td><a style=\"white-space:nowrap\" href=\"http://snomed.info/id/3658006\">3658006</a><a name=\"de-mii-cs-diagnose-lebensphase-supplement-snomed-3658006\"> </a></td><td>Infancy (qualifier value)</td><td>Säugling (ab Beginn des 29. Lebenstages bis zum vollendeten 12. Lebensmonat)</td></tr><tr><td><a style=\"white-space:nowrap\" href=\"http://snomed.info/id/255407002\">255407002</a><a name=\"de-mii-cs-diagnose-lebensphase-supplement-snomed-255407002\"> </a></td><td>Neonatal (qualifier value)</td><td>Neugeborenes (bis zum vollendeten 28. Lebenstag)</td></tr></table></div></div>"},"extension":[{"url":"https://www.medizininformatik-initiative.de/fhir/modul-meta/StructureDefinition/mii-ex-meta-license-codeable","valueCodeableConcept":{"coding":[{"system":"http://hl7.org/fhir/spdx-license","code":"CC-BY-4.0","display":"Creative Commons Attribution 4.0 International"}]}}],"url":"https://www.medizininformatik-initiative.de/fhir/core/modul-diagnose/CodeSystem/mii-cs-diagnose-lebensphase-supplement-snomed","version":"2026.0.0-dev.1","name":"MII_CS_Diagnose_Lebensphase_Supplement_SNOMED","title":"MII CS Diagnose Lebensphase Supplement SNOMED","status":"active","experimental":true,"date":"2024-11-13","publisher":"Medical Informatics Initiative (MII)","_publisher":{"extension":[{"extension":[{"url":"lang","valueCode":"de"},{"url":"content","valueString":"Medizininformatik-Initiative (MII)"}],"url":"http://hl7.org/fhir/StructureDefinition/translation"}]},"contact":[{"name":"Medical Informatics Initiative (MII)","telecom":[{"system":"url","value":"https://www.medizininformatik-initiative.de/en"}]}],"description":"CodeSystem Supplement mit Definitionen zu den SNOMED-Konzepten für Lebensphasen.","jurisdiction":[{"coding":[{"system":"urn:iso:std:iso:3166","code":"DE","display":"Germany"}]}],"copyright":"This material includes SNOMED Clinical Terms® (SNOMED CT®) which is used by permission of SNOMED International. All rights reserved. SNOMED CT®, was originally created by The College of American Pathologists. SNOMED and SNOMED CT are registered trademarks of SNOMED International. Implementers of these artefacts must have the appropriate SNOMED CT Affiliate license.","content":"supplement","supplements":"http://snomed.info/sct","property":[{"code":"comment","uri":"http://hl7.org/fhir/concept-properties#comment","type":"string"}],"concept":[{"code":"271872005","display":"Old age (qualifier value)","property":[{"code":"comment","valueString":"Ältere Person/ Senioren (mit Beginn des 65. Lebensjahres)"}]},{"code":"41847000","display":"Adulthood (qualifier value)","property":[{"code":"comment","valueString":"Erwachsener (ab Beginn des 19. Lebensjahres)"}]},{"code":"263659003","display":"Adolescence (qualifier value)","property":[{"code":"comment","valueString":"Jugendlicher (ab Beginn des 13. bis zum vollendeten 18. Lebensjahres)"}]},{"code":"255398004","display":"Childhood (qualifier value)","property":[{"code":"comment","valueString":"Kind (ab Beginn des 4. bis zum vollendeten 12. Lebensjahres)"}]},{"code":"713153009","display":"Toddler (qualifier value)","property":[{"code":"comment","valueString":"Kleinkind (ab Beginn des 13. Lebensmonat bis zum vollendeten 3. Lebensjahr)"}]},{"code":"3658006","display":"Infancy (qualifier value)","property":[{"code":"comment","valueString":"Säugling (ab Beginn des 29. Lebenstages bis zum vollendeten 12. Lebensmonat)"}]},{"code":"255407002","display":"Neonatal (qualifier value)","property":[{"code":"comment","valueString":"Neugeborenes (bis zum vollendeten 28. Lebenstag)"}]}]}