<?xml version="1.0" encoding="UTF-8"?>

<CapabilityStatement xmlns="http://hl7.org/fhir">
  <id value="mii-cps-person-capabilitystatement"/>
  <text>
    <status value="extensions"/><div xmlns="http://www.w3.org/1999/xhtml"><div xml:lang="en" lang="en"><hr/><p><b>English</b></p><hr/><p class="res-header-id"><b>Generated Narrative: CapabilityStatement mii-cps-person-capabilitystatement</b></p><a name="mii-cps-person-capabilitystatement"> </a><a name="hcmii-cps-person-capabilitystatement"> </a><h2 id="title">MII CPS Person CapabilityStatement</h2><ul><li>Implementation Guide Version: 2026.0.0 </li><li>FHIR Version: 4.0.1 </li><li>Supported Formats: <code>xml</code>, <code>json</code></li><li>Published on: 2025-02-28 </li><li>Published by: Medical Informatics Initiative (MII) </li></ul><blockquote class="impl-note"><p><strong>Note to Implementers: FHIR Capabilities</strong></p><p>Any FHIR capability may be 'allowed' by the system unless explicitly marked as 'SHALL NOT'. A few items are marked as MAY in the Implementation Guide to highlight their potential relevance to the use case.</p></blockquote><h2 id="rest">FHIR RESTful Capabilities</h2><div class="panel panel-default"><div class="panel-heading"><h3 id="mode1" class="panel-title">Mode: <code>server</code></h3></div><div class="panel-body"/></div><h3 id="resourcesCap1">Capabilities by Resource/Profile</h3><h4 id="resourcesSummary1">Summary</h4><p>The summary table lists the resources that are part of this configuration, and for each resource it lists:</p><ul><li>The relevant profiles (if any)</li><li>The interactions supported by each resource (<b><span class="bg-info">R</span></b>ead, <b><span class="bg-info">S</span></b>earch, <b><span class="bg-info">U</span></b>pdate, and <b><span class="bg-info">C</span></b>reate, are always shown, while <b><span class="bg-info">VR</span></b>ead, <b><span class="bg-info">P</span></b>atch, <b><span class="bg-info">D</span></b>elete, <b><span class="bg-info">H</span></b>istory on <b><span class="bg-info">I</span></b>nstance, or <b><span class="bg-info">H</span></b>istory on <b><span class="bg-info">T</span></b>ype are only present if at least one of the resources has support for them.</li><li><span>The required, recommended, and some optional search parameters (if any). </span></li><li>The linked resources enabled for <code>_include</code></li><li>The other resources enabled for <code>_revinclude</code></li><li>The operations on the resource (if any)</li></ul><div class="table-responsive"><table class="table table-condensed table-hover"><thead><tr><th><b>Resource Type</b></th><th><b>Profile</b></th><th class="text-center"><b title="GET a resource (read interaction)">R</b></th><th class="text-center"><b title="GET all set of resources of the type (search interaction)">S</b></th><th class="text-center"><b title="PUT a new resource version (update interaction)">U</b></th><th class="text-center"><b title="POST a new resource (create interaction)">C</b></th><th><b title="Required and recommended search parameters">Searches</b></th><th><code><b>_include</b></code></th><th><code><b>_revinclude</b></code></th><th><b>Operations</b></th></tr></thead><tbody><tr><td><a href="#Patient1-1">Patient</a></td><td>Supported Profiles<br/>  <a href="StructureDefinition-mii-pr-person-patient.html">MII PR Person Patientversion: 2026.0.0)</a><br/>  <a href="StructureDefinition-mii-pr-person-patient-pseudonymisiert.html">MII PR Person Patient (Pseudonymisiert)version: 2026.0.0)</a></td><td class="text-center"><span title="SHALL"><b>Y</b></span></td><td class="text-center"><span title="SHALL"><b>Y</b></span></td><td class="text-center"/><td class="text-center"/><td>_count, _summary, _id, _profile, identifier, assigner-pid, given, family, name, prefix, prefix-qualifier, gender, other-amtlich, birthdate, death-date, deceased, address, address-city, address-postalcode, address-country, gemeindeschluessel, strasse, hausnummer, adresszusatz, postfach, stadtteil, link</td><td/><td/><td/></tr><tr><td><a href="#Observation1-2">Observation</a></td><td>Supported Profiles<br/>  <a href="StructureDefinition-mii-pr-person-vitalstatus.html">MII PR Person Vitalstatusversion: 2026.0.0)</a></td><td class="text-center"><span title="SHALL"><b>Y</b></span></td><td class="text-center"><span title="SHALL"><b>Y</b></span></td><td class="text-center"/><td class="text-center"/><td>_count, _summary, _id, _profile, status, code, subject, patient, date, value-concept, code-value-concept</td><td/><td/><td/></tr><tr><td><a href="#Condition1-3">Condition</a></td><td>Supported Profiles<br/>  <a href="StructureDefinition-mii-pr-person-todesursache.html">MII PR Person Todesursacheversion: 2026.0.0)</a></td><td class="text-center"><span title="SHALL"><b>Y</b></span></td><td class="text-center"><span title="SHALL"><b>Y</b></span></td><td class="text-center"/><td class="text-center"/><td>_count, _summary, _id, _profile, category, code, subject, patient</td><td/><td/><td/></tr></tbody></table></div><hr/><div class="panel panel-default"><div class="panel-heading"><h4 id="Patient1-1" class="panel-title"><span style="float: right;">Resource Conformance: SHALL </span>Patient</h4></div><div class="panel-body"><div class="container"><div class="row"><div class="col-lg-4"><span class="lead">Core FHIR Resource</span><br/><a href="http://hl7.org/fhir/R4/patient.html">Patient</a></div><div class="col-lg-4"><span class="lead">Reference Policy</span><br/></div><div class="col-lg-4"><span class="lead">Interaction summary</span><br/><ul><li><strong>SHALL</strong> support <code>read</code>, <code>search-type</code>.</li></ul></div></div><p/><div class="row"><div class="col-6"><span class="lead">Supported Profiles</span><p><a href="StructureDefinition-mii-pr-person-patient.html">MII PR Person Patientversion: 2026.0.0)</a><br/><a href="StructureDefinition-mii-pr-person-patient-pseudonymisiert.html">MII PR Person Patient (Pseudonymisiert)version: 2026.0.0)</a></p></div></div><p/><div class="row"><div class="col-lg-7"><span class="lead">Search Parameters</span><table class="table table-condensed table-hover"><thead><tr><th>Conformance</th><th>Parameter</th><th>Type</th><th>Documentation</th></tr></thead><tbody><tr><td><b>SHALL</b></td><td>_count</td><td><code>special</code></td><td><div/></td></tr><tr><td><b>SHALL</b></td><td>_summary</td><td><code>special</code></td><td><div/></td></tr><tr><td><b>SHALL</b></td><td><a href="http://hl7.org/fhir/R4/resource.html#search">_id</a></td><td><code>token</code></td><td><div/></td></tr><tr><td><b>SHALL</b></td><td><a href="http://hl7.org/fhir/R4/resource.html#search">_profile</a></td><td><code>uri</code></td><td><div/></td></tr><tr><td><b>SHALL</b></td><td><a href="http://hl7.org/fhir/R4/patient.html#search">identifier</a></td><td><code>token</code></td><td><div/></td></tr><tr><td><b>SHALL</b></td><td><a href="https://simplifier.net/resolve?scope=de.medizininformatikinitiative.kerndatensatz.meta@2026.0.0&amp;canonical=https://www.medizininformatik-initiative.de/fhir/modul-meta/SearchParameter/mii-sp-meta-patient-assignerpid">assigner-pid</a></td><td><code>token</code></td><td><div/></td></tr><tr><td><b>SHALL</b></td><td><a href="http://hl7.org/fhir/R4/patient.html#search">given</a></td><td><code>string</code></td><td><div/></td></tr><tr><td><b>SHALL</b></td><td><a href="http://hl7.org/fhir/R4/patient.html#search">family</a></td><td><code>string</code></td><td><div/></td></tr><tr><td><b>SHALL</b></td><td><a href="http://hl7.org/fhir/R4/patient.html#search">name</a></td><td><code>string</code></td><td><div/></td></tr><tr><td><b>SHALL</b></td><td><a href="https://simplifier.net/resolve?scope=de.medizininformatikinitiative.kerndatensatz.meta@2026.0.0&amp;canonical=https://www.medizininformatik-initiative.de/fhir/modul-meta/SearchParameter/mii-sp-meta-patient-prefix">prefix</a></td><td><code>token</code></td><td><div/></td></tr><tr><td><b>SHALL</b></td><td><a href="https://simplifier.net/resolve?scope=de.medizininformatikinitiative.kerndatensatz.meta@2026.0.0&amp;canonical=https://www.medizininformatik-initiative.de/fhir/modul-meta/SearchParameter/mii-sp-meta-patient-prefixqualifier">prefix-qualifier</a></td><td><code>token</code></td><td><div/></td></tr><tr><td><b>SHALL</b></td><td><a href="http://hl7.org/fhir/R4/patient.html#search">gender</a></td><td><code>token</code></td><td><div/></td></tr><tr><td><b>SHALL</b></td><td><a href="https://simplifier.net/resolve?scope=de.medizininformatikinitiative.kerndatensatz.meta@2026.0.0&amp;canonical=https://www.medizininformatik-initiative.de/fhir/modul-meta/SearchParameter/mii-sp-meta-patient-otheramtlich">other-amtlich</a></td><td><code>token</code></td><td><div/></td></tr><tr><td><b>SHALL</b></td><td><a href="http://hl7.org/fhir/R4/patient.html#search">birthdate</a></td><td><code>date</code></td><td><div/></td></tr><tr><td><b>SHALL</b></td><td><a href="http://hl7.org/fhir/R4/patient.html#search">death-date</a></td><td><code>date</code></td><td><div/></td></tr><tr><td><b>SHALL</b></td><td><a href="http://hl7.org/fhir/R4/patient.html#search">deceased</a></td><td><code>token</code></td><td><div/></td></tr><tr><td><b>SHALL</b></td><td><a href="http://hl7.org/fhir/R4/patient.html#search">address</a></td><td><code>string</code></td><td><div/></td></tr><tr><td><b>SHALL</b></td><td><a href="http://hl7.org/fhir/R4/patient.html#search">address-city</a></td><td><code>string</code></td><td><div/></td></tr><tr><td><b>SHALL</b></td><td><a href="http://hl7.org/fhir/R4/patient.html#search">address-postalcode</a></td><td><code>string</code></td><td><div/></td></tr><tr><td><b>SHALL</b></td><td><a href="http://hl7.org/fhir/R4/patient.html#search">address-country</a></td><td><code>string</code></td><td><div/></td></tr><tr><td><b>SHALL</b></td><td><a href="https://simplifier.net/resolve?scope=de.medizininformatikinitiative.kerndatensatz.meta@2026.0.0&amp;canonical=https://www.medizininformatik-initiative.de/fhir/modul-meta/SearchParameter/mii-sp-meta-patient-gemeindeschluessel">gemeindeschluessel</a></td><td><code>token</code></td><td><div/></td></tr><tr><td><b>SHALL</b></td><td><a href="https://simplifier.net/resolve?scope=de.medizininformatikinitiative.kerndatensatz.meta@2026.0.0&amp;canonical=https://www.medizininformatik-initiative.de/fhir/modul-meta/SearchParameter/mii-sp-meta-patient-strasse">strasse</a></td><td><code>string</code></td><td><div/></td></tr><tr><td><b>SHALL</b></td><td><a href="https://simplifier.net/resolve?scope=de.medizininformatikinitiative.kerndatensatz.meta@2026.0.0&amp;canonical=https://www.medizininformatik-initiative.de/fhir/modul-meta/SearchParameter/mii-sp-meta-patient-hausnummer">hausnummer</a></td><td><code>string</code></td><td><div/></td></tr><tr><td><b>SHALL</b></td><td><a href="https://simplifier.net/resolve?scope=de.medizininformatikinitiative.kerndatensatz.meta@2026.0.0&amp;canonical=https://www.medizininformatik-initiative.de/fhir/modul-meta/SearchParameter/mii-sp-meta-patient-adresszusatz">adresszusatz</a></td><td><code>string</code></td><td><div/></td></tr><tr><td><b>SHALL</b></td><td><a href="https://simplifier.net/resolve?scope=de.medizininformatikinitiative.kerndatensatz.meta@2026.0.0&amp;canonical=https://www.medizininformatik-initiative.de/fhir/modul-meta/SearchParameter/mii-sp-meta-patient-postfach">postfach</a></td><td><code>string</code></td><td><div/></td></tr><tr><td><b>SHALL</b></td><td><a href="https://simplifier.net/resolve?scope=de.medizininformatikinitiative.kerndatensatz.meta@2026.0.0&amp;canonical=https://www.medizininformatik-initiative.de/fhir/modul-meta/SearchParameter/mii-sp-meta-patient-stadtteil">stadtteil</a></td><td><code>string</code></td><td><div/></td></tr><tr><td><b>SHALL</b></td><td><a href="http://hl7.org/fhir/R4/patient.html#search">link</a></td><td><code>reference</code></td><td><div/></td></tr></tbody></table></div><div class="col-lg-5"> </div></div></div></div></div><div class="panel panel-default"><div class="panel-heading"><h4 id="Observation1-2" class="panel-title"><span style="float: right;">Resource Conformance: SHALL </span>Observation</h4></div><div class="panel-body"><div class="container"><div class="row"><div class="col-lg-4"><span class="lead">Core FHIR Resource</span><br/><a href="http://hl7.org/fhir/R4/observation.html">Observation</a></div><div class="col-lg-4"><span class="lead">Reference Policy</span><br/></div><div class="col-lg-4"><span class="lead">Interaction summary</span><br/><ul><li><strong>SHALL</strong> support <code>read</code>, <code>search-type</code>.</li></ul></div></div><p/><div class="row"><div class="col-6"><span class="lead">Supported Profiles</span><p><a href="StructureDefinition-mii-pr-person-vitalstatus.html">MII PR Person Vitalstatusversion: 2026.0.0)</a></p></div></div><p/><div class="row"><div class="col-lg-7"><span class="lead">Search Parameters</span><table class="table table-condensed table-hover"><thead><tr><th>Conformance</th><th>Parameter</th><th>Type</th><th>Documentation</th></tr></thead><tbody><tr><td><b>SHALL</b></td><td>_count</td><td><code>special</code></td><td><div/></td></tr><tr><td><b>SHALL</b></td><td>_summary</td><td><code>special</code></td><td><div/></td></tr><tr><td><b>SHALL</b></td><td><a href="http://hl7.org/fhir/R4/resource.html#search">_id</a></td><td><code>token</code></td><td><div/></td></tr><tr><td><b>SHALL</b></td><td><a href="http://hl7.org/fhir/R4/resource.html#search">_profile</a></td><td><code>uri</code></td><td><div/></td></tr><tr><td><b>SHALL</b></td><td><a href="http://hl7.org/fhir/R4/observation.html#search">status</a></td><td><code>token</code></td><td><div/></td></tr><tr><td><b>SHALL</b></td><td><a href="http://hl7.org/fhir/R4/observation.html#search">code</a></td><td><code>token</code></td><td><div/></td></tr><tr><td><b>SHALL</b></td><td><a href="http://hl7.org/fhir/R4/observation.html#search">subject</a></td><td><code>reference</code></td><td><div/></td></tr><tr><td><b>SHALL</b></td><td><a href="http://hl7.org/fhir/R4/observation.html#search">patient</a></td><td><code>reference</code></td><td><div/></td></tr><tr><td><b>SHALL</b></td><td><a href="http://hl7.org/fhir/R4/observation.html#search">date</a></td><td><code>date</code></td><td><div/></td></tr><tr><td><b>SHALL</b></td><td><a href="http://hl7.org/fhir/R4/observation.html#search">value-concept</a></td><td><code>token</code></td><td><div/></td></tr><tr><td><b>SHALL</b></td><td><a href="http://hl7.org/fhir/R4/observation.html#search">code-value-concept</a></td><td><code>composite</code></td><td><div/></td></tr></tbody></table></div><div class="col-lg-5"> </div></div></div></div></div><div class="panel panel-default"><div class="panel-heading"><h4 id="Condition1-3" class="panel-title"><span style="float: right;">Resource Conformance: SHALL </span>Condition</h4></div><div class="panel-body"><div class="container"><div class="row"><div class="col-lg-4"><span class="lead">Core FHIR Resource</span><br/><a href="http://hl7.org/fhir/R4/condition.html">Condition</a></div><div class="col-lg-4"><span class="lead">Reference Policy</span><br/></div><div class="col-lg-4"><span class="lead">Interaction summary</span><br/><ul><li><strong>SHALL</strong> support <code>read</code>, <code>search-type</code>.</li></ul></div></div><p/><div class="row"><div class="col-6"><span class="lead">Supported Profiles</span><p><a href="StructureDefinition-mii-pr-person-todesursache.html">MII PR Person Todesursacheversion: 2026.0.0)</a></p></div></div><p/><div class="row"><div class="col-lg-7"><span class="lead">Search Parameters</span><table class="table table-condensed table-hover"><thead><tr><th>Conformance</th><th>Parameter</th><th>Type</th><th>Documentation</th></tr></thead><tbody><tr><td><b>SHALL</b></td><td>_count</td><td><code>special</code></td><td><div/></td></tr><tr><td><b>SHALL</b></td><td>_summary</td><td><code>special</code></td><td><div/></td></tr><tr><td><b>SHALL</b></td><td><a href="http://hl7.org/fhir/R4/resource.html#search">_id</a></td><td><code>token</code></td><td><div/></td></tr><tr><td><b>SHALL</b></td><td><a href="http://hl7.org/fhir/R4/resource.html#search">_profile</a></td><td><code>uri</code></td><td><div/></td></tr><tr><td><b>SHALL</b></td><td><a href="http://hl7.org/fhir/R4/condition.html#search">category</a></td><td><code>token</code></td><td><div/></td></tr><tr><td><b>SHALL</b></td><td><a href="http://hl7.org/fhir/R4/condition.html#search">code</a></td><td><code>token</code></td><td><div/></td></tr><tr><td><b>SHALL</b></td><td><a href="http://hl7.org/fhir/R4/condition.html#search">subject</a></td><td><code>reference</code></td><td><div/></td></tr><tr><td><b>SHALL</b></td><td><a href="http://hl7.org/fhir/R4/condition.html#search">patient</a></td><td><code>reference</code></td><td><div/></td></tr></tbody></table></div><div class="col-lg-5"> </div></div></div></div></div></div><div xml:lang="de" lang="de"><hr/><p><b>German</b></p><hr/><p class="res-header-id"><b>Generated Narrative: CapabilityStatement mii-cps-person-capabilitystatement</b></p><a name="de-mii-cps-person-capabilitystatement"> </a><a name="de-hcmii-cps-person-capabilitystatement"> </a><h2 id="de-title">MII CPS Person CapabilityStatement</h2><ul><li>Implementation Guide Version: 2026.0.0 </li><li>FHIR Version: 4.0.1 </li><li>Supported Formats: <code>xml</code>, <code>json</code></li><li>Published on: 2025-02-28 </li><li>Published by: Medical Informatics Initiative (MII) </li></ul><blockquote class="impl-note"><p><strong>Note to Implementers: FHIR Capabilities</strong></p><p>Any FHIR capability may be 'allowed' by the system unless explicitly marked as 'SHALL NOT'. A few items are marked as MAY in the Implementation Guide to highlight their potential relevance to the use case.</p></blockquote><h2 id="de-rest">FHIR RESTful Capabilities</h2><div class="panel panel-default"><div class="panel-heading"><h3 id="de-mode1" class="panel-title">Mode: <code>server</code></h3></div><div class="panel-body"/></div><h3 id="de-resourcesCap1">Capabilities by Resource/Profile</h3><h4 id="de-resourcesSummary1">Summary</h4><p>The summary table lists the resources that are part of this configuration, and for each resource it lists:</p><ul><li>The relevant profiles (if any)</li><li>The interactions supported by each resource (<b><span class="bg-info">R</span></b>ead, <b><span class="bg-info">S</span></b>earch, <b><span class="bg-info">U</span></b>pdate, and <b><span class="bg-info">C</span></b>reate, are always shown, while <b><span class="bg-info">VR</span></b>ead, <b><span class="bg-info">P</span></b>atch, <b><span class="bg-info">D</span></b>elete, <b><span class="bg-info">H</span></b>istory on <b><span class="bg-info">I</span></b>nstance, or <b><span class="bg-info">H</span></b>istory on <b><span class="bg-info">T</span></b>ype are only present if at least one of the resources has support for them.</li><li><span>The required, recommended, and some optional search parameters (if any). </span></li><li>The linked resources enabled for <code>_include</code></li><li>The other resources enabled for <code>_revinclude</code></li><li>The operations on the resource (if any)</li></ul><div class="table-responsive"><table class="table table-condensed table-hover"><thead><tr><th><b>Resource Type</b></th><th><b>Profile</b></th><th class="text-center"><b title="GET a resource (read interaction)">R</b></th><th class="text-center"><b title="GET all set of resources of the type (search interaction)">S</b></th><th class="text-center"><b title="PUT a new resource version (update interaction)">U</b></th><th class="text-center"><b title="POST a new resource (create interaction)">C</b></th><th><b title="Required and recommended search parameters">Searches</b></th><th><code><b>_include</b></code></th><th><code><b>_revinclude</b></code></th><th><b>Operations</b></th></tr></thead><tbody><tr><td><a href="#de-Patient1-1">Patient</a></td><td>Supported Profiles<br/>  <a href="StructureDefinition-mii-pr-person-patient.html">MII PR Person Patientversion: 2026.0.0)</a><br/>  <a href="StructureDefinition-mii-pr-person-patient-pseudonymisiert.html">MII PR Person Patient (Pseudonymisiert)version: 2026.0.0)</a></td><td class="text-center"><span title="SHALL"><b>Y</b></span></td><td class="text-center"><span title="SHALL"><b>Y</b></span></td><td class="text-center"/><td class="text-center"/><td>_count, _summary, _id, _profile, identifier, assigner-pid, given, family, name, prefix, prefix-qualifier, gender, other-amtlich, birthdate, death-date, deceased, address, address-city, address-postalcode, address-country, gemeindeschluessel, strasse, hausnummer, adresszusatz, postfach, stadtteil, link</td><td/><td/><td/></tr><tr><td><a href="#de-Observation1-2">Observation</a></td><td>Supported Profiles<br/>  <a href="StructureDefinition-mii-pr-person-vitalstatus.html">MII PR Person Vitalstatusversion: 2026.0.0)</a></td><td class="text-center"><span title="SHALL"><b>Y</b></span></td><td class="text-center"><span title="SHALL"><b>Y</b></span></td><td class="text-center"/><td class="text-center"/><td>_count, _summary, _id, _profile, status, code, subject, patient, date, value-concept, code-value-concept</td><td/><td/><td/></tr><tr><td><a href="#de-Condition1-3">Condition</a></td><td>Supported Profiles<br/>  <a href="StructureDefinition-mii-pr-person-todesursache.html">MII PR Person Todesursacheversion: 2026.0.0)</a></td><td class="text-center"><span title="SHALL"><b>Y</b></span></td><td class="text-center"><span title="SHALL"><b>Y</b></span></td><td class="text-center"/><td class="text-center"/><td>_count, _summary, _id, _profile, category, code, subject, patient</td><td/><td/><td/></tr></tbody></table></div><hr/><div class="panel panel-default"><div class="panel-heading"><h4 id="de-Patient1-1" class="panel-title"><span style="float: right;">Resource Conformance: SHALL </span>Patient</h4></div><div class="panel-body"><div class="container"><div class="row"><div class="col-lg-4"><span class="lead">Core FHIR Resource</span><br/><a href="http://hl7.org/fhir/R4/patient.html">Patient</a></div><div class="col-lg-4"><span class="lead">Reference Policy</span><br/></div><div class="col-lg-4"><span class="lead">Interaction summary</span><br/><ul><li><strong>SHALL</strong> support <code>read</code>, <code>search-type</code>.</li></ul></div></div><p/><div class="row"><div class="col-6"><span class="lead">Supported Profiles</span><p><a href="StructureDefinition-mii-pr-person-patient.html">MII PR Person Patientversion: 2026.0.0)</a><br/><a href="StructureDefinition-mii-pr-person-patient-pseudonymisiert.html">MII PR Person Patient (Pseudonymisiert)version: 2026.0.0)</a></p></div></div><p/><div class="row"><div class="col-lg-7"><span class="lead">Search Parameters</span><table class="table table-condensed table-hover"><thead><tr><th>Conformance</th><th>Parameter</th><th>Type</th><th>Documentation</th></tr></thead><tbody><tr><td><b>SHALL</b></td><td>_count</td><td><code>special</code></td><td><div/></td></tr><tr><td><b>SHALL</b></td><td>_summary</td><td><code>special</code></td><td><div/></td></tr><tr><td><b>SHALL</b></td><td><a href="http://hl7.org/fhir/R4/resource.html#search">_id</a></td><td><code>token</code></td><td><div/></td></tr><tr><td><b>SHALL</b></td><td><a href="http://hl7.org/fhir/R4/resource.html#search">_profile</a></td><td><code>uri</code></td><td><div/></td></tr><tr><td><b>SHALL</b></td><td><a href="http://hl7.org/fhir/R4/patient.html#search">identifier</a></td><td><code>token</code></td><td><div/></td></tr><tr><td><b>SHALL</b></td><td><a href="https://simplifier.net/resolve?scope=de.medizininformatikinitiative.kerndatensatz.meta@2026.0.0&amp;canonical=https://www.medizininformatik-initiative.de/fhir/modul-meta/SearchParameter/mii-sp-meta-patient-assignerpid">assigner-pid</a></td><td><code>token</code></td><td><div/></td></tr><tr><td><b>SHALL</b></td><td><a href="http://hl7.org/fhir/R4/patient.html#search">given</a></td><td><code>string</code></td><td><div/></td></tr><tr><td><b>SHALL</b></td><td><a href="http://hl7.org/fhir/R4/patient.html#search">family</a></td><td><code>string</code></td><td><div/></td></tr><tr><td><b>SHALL</b></td><td><a href="http://hl7.org/fhir/R4/patient.html#search">name</a></td><td><code>string</code></td><td><div/></td></tr><tr><td><b>SHALL</b></td><td><a href="https://simplifier.net/resolve?scope=de.medizininformatikinitiative.kerndatensatz.meta@2026.0.0&amp;canonical=https://www.medizininformatik-initiative.de/fhir/modul-meta/SearchParameter/mii-sp-meta-patient-prefix">prefix</a></td><td><code>token</code></td><td><div/></td></tr><tr><td><b>SHALL</b></td><td><a href="https://simplifier.net/resolve?scope=de.medizininformatikinitiative.kerndatensatz.meta@2026.0.0&amp;canonical=https://www.medizininformatik-initiative.de/fhir/modul-meta/SearchParameter/mii-sp-meta-patient-prefixqualifier">prefix-qualifier</a></td><td><code>token</code></td><td><div/></td></tr><tr><td><b>SHALL</b></td><td><a href="http://hl7.org/fhir/R4/patient.html#search">gender</a></td><td><code>token</code></td><td><div/></td></tr><tr><td><b>SHALL</b></td><td><a href="https://simplifier.net/resolve?scope=de.medizininformatikinitiative.kerndatensatz.meta@2026.0.0&amp;canonical=https://www.medizininformatik-initiative.de/fhir/modul-meta/SearchParameter/mii-sp-meta-patient-otheramtlich">other-amtlich</a></td><td><code>token</code></td><td><div/></td></tr><tr><td><b>SHALL</b></td><td><a href="http://hl7.org/fhir/R4/patient.html#search">birthdate</a></td><td><code>date</code></td><td><div/></td></tr><tr><td><b>SHALL</b></td><td><a href="http://hl7.org/fhir/R4/patient.html#search">death-date</a></td><td><code>date</code></td><td><div/></td></tr><tr><td><b>SHALL</b></td><td><a href="http://hl7.org/fhir/R4/patient.html#search">deceased</a></td><td><code>token</code></td><td><div/></td></tr><tr><td><b>SHALL</b></td><td><a href="http://hl7.org/fhir/R4/patient.html#search">address</a></td><td><code>string</code></td><td><div/></td></tr><tr><td><b>SHALL</b></td><td><a href="http://hl7.org/fhir/R4/patient.html#search">address-city</a></td><td><code>string</code></td><td><div/></td></tr><tr><td><b>SHALL</b></td><td><a href="http://hl7.org/fhir/R4/patient.html#search">address-postalcode</a></td><td><code>string</code></td><td><div/></td></tr><tr><td><b>SHALL</b></td><td><a href="http://hl7.org/fhir/R4/patient.html#search">address-country</a></td><td><code>string</code></td><td><div/></td></tr><tr><td><b>SHALL</b></td><td><a href="https://simplifier.net/resolve?scope=de.medizininformatikinitiative.kerndatensatz.meta@2026.0.0&amp;canonical=https://www.medizininformatik-initiative.de/fhir/modul-meta/SearchParameter/mii-sp-meta-patient-gemeindeschluessel">gemeindeschluessel</a></td><td><code>token</code></td><td><div/></td></tr><tr><td><b>SHALL</b></td><td><a href="https://simplifier.net/resolve?scope=de.medizininformatikinitiative.kerndatensatz.meta@2026.0.0&amp;canonical=https://www.medizininformatik-initiative.de/fhir/modul-meta/SearchParameter/mii-sp-meta-patient-strasse">strasse</a></td><td><code>string</code></td><td><div/></td></tr><tr><td><b>SHALL</b></td><td><a href="https://simplifier.net/resolve?scope=de.medizininformatikinitiative.kerndatensatz.meta@2026.0.0&amp;canonical=https://www.medizininformatik-initiative.de/fhir/modul-meta/SearchParameter/mii-sp-meta-patient-hausnummer">hausnummer</a></td><td><code>string</code></td><td><div/></td></tr><tr><td><b>SHALL</b></td><td><a href="https://simplifier.net/resolve?scope=de.medizininformatikinitiative.kerndatensatz.meta@2026.0.0&amp;canonical=https://www.medizininformatik-initiative.de/fhir/modul-meta/SearchParameter/mii-sp-meta-patient-adresszusatz">adresszusatz</a></td><td><code>string</code></td><td><div/></td></tr><tr><td><b>SHALL</b></td><td><a href="https://simplifier.net/resolve?scope=de.medizininformatikinitiative.kerndatensatz.meta@2026.0.0&amp;canonical=https://www.medizininformatik-initiative.de/fhir/modul-meta/SearchParameter/mii-sp-meta-patient-postfach">postfach</a></td><td><code>string</code></td><td><div/></td></tr><tr><td><b>SHALL</b></td><td><a href="https://simplifier.net/resolve?scope=de.medizininformatikinitiative.kerndatensatz.meta@2026.0.0&amp;canonical=https://www.medizininformatik-initiative.de/fhir/modul-meta/SearchParameter/mii-sp-meta-patient-stadtteil">stadtteil</a></td><td><code>string</code></td><td><div/></td></tr><tr><td><b>SHALL</b></td><td><a href="http://hl7.org/fhir/R4/patient.html#search">link</a></td><td><code>reference</code></td><td><div/></td></tr></tbody></table></div><div class="col-lg-5"> </div></div></div></div></div><div class="panel panel-default"><div class="panel-heading"><h4 id="de-Observation1-2" class="panel-title"><span style="float: right;">Resource Conformance: SHALL </span>Observation</h4></div><div class="panel-body"><div class="container"><div class="row"><div class="col-lg-4"><span class="lead">Core FHIR Resource</span><br/><a href="http://hl7.org/fhir/R4/observation.html">Observation</a></div><div class="col-lg-4"><span class="lead">Reference Policy</span><br/></div><div class="col-lg-4"><span class="lead">Interaction summary</span><br/><ul><li><strong>SHALL</strong> support <code>read</code>, <code>search-type</code>.</li></ul></div></div><p/><div class="row"><div class="col-6"><span class="lead">Supported Profiles</span><p><a href="StructureDefinition-mii-pr-person-vitalstatus.html">MII PR Person Vitalstatusversion: 2026.0.0)</a></p></div></div><p/><div class="row"><div class="col-lg-7"><span class="lead">Search Parameters</span><table class="table table-condensed table-hover"><thead><tr><th>Conformance</th><th>Parameter</th><th>Type</th><th>Documentation</th></tr></thead><tbody><tr><td><b>SHALL</b></td><td>_count</td><td><code>special</code></td><td><div/></td></tr><tr><td><b>SHALL</b></td><td>_summary</td><td><code>special</code></td><td><div/></td></tr><tr><td><b>SHALL</b></td><td><a href="http://hl7.org/fhir/R4/resource.html#search">_id</a></td><td><code>token</code></td><td><div/></td></tr><tr><td><b>SHALL</b></td><td><a href="http://hl7.org/fhir/R4/resource.html#search">_profile</a></td><td><code>uri</code></td><td><div/></td></tr><tr><td><b>SHALL</b></td><td><a href="http://hl7.org/fhir/R4/observation.html#search">status</a></td><td><code>token</code></td><td><div/></td></tr><tr><td><b>SHALL</b></td><td><a href="http://hl7.org/fhir/R4/observation.html#search">code</a></td><td><code>token</code></td><td><div/></td></tr><tr><td><b>SHALL</b></td><td><a href="http://hl7.org/fhir/R4/observation.html#search">subject</a></td><td><code>reference</code></td><td><div/></td></tr><tr><td><b>SHALL</b></td><td><a href="http://hl7.org/fhir/R4/observation.html#search">patient</a></td><td><code>reference</code></td><td><div/></td></tr><tr><td><b>SHALL</b></td><td><a href="http://hl7.org/fhir/R4/observation.html#search">date</a></td><td><code>date</code></td><td><div/></td></tr><tr><td><b>SHALL</b></td><td><a href="http://hl7.org/fhir/R4/observation.html#search">value-concept</a></td><td><code>token</code></td><td><div/></td></tr><tr><td><b>SHALL</b></td><td><a href="http://hl7.org/fhir/R4/observation.html#search">code-value-concept</a></td><td><code>composite</code></td><td><div/></td></tr></tbody></table></div><div class="col-lg-5"> </div></div></div></div></div><div class="panel panel-default"><div class="panel-heading"><h4 id="de-Condition1-3" class="panel-title"><span style="float: right;">Resource Conformance: SHALL </span>Condition</h4></div><div class="panel-body"><div class="container"><div class="row"><div class="col-lg-4"><span class="lead">Core FHIR Resource</span><br/><a href="http://hl7.org/fhir/R4/condition.html">Condition</a></div><div class="col-lg-4"><span class="lead">Reference Policy</span><br/></div><div class="col-lg-4"><span class="lead">Interaction summary</span><br/><ul><li><strong>SHALL</strong> support <code>read</code>, <code>search-type</code>.</li></ul></div></div><p/><div class="row"><div class="col-6"><span class="lead">Supported Profiles</span><p><a href="StructureDefinition-mii-pr-person-todesursache.html">MII PR Person Todesursacheversion: 2026.0.0)</a></p></div></div><p/><div class="row"><div class="col-lg-7"><span class="lead">Search Parameters</span><table class="table table-condensed table-hover"><thead><tr><th>Conformance</th><th>Parameter</th><th>Type</th><th>Documentation</th></tr></thead><tbody><tr><td><b>SHALL</b></td><td>_count</td><td><code>special</code></td><td><div/></td></tr><tr><td><b>SHALL</b></td><td>_summary</td><td><code>special</code></td><td><div/></td></tr><tr><td><b>SHALL</b></td><td><a href="http://hl7.org/fhir/R4/resource.html#search">_id</a></td><td><code>token</code></td><td><div/></td></tr><tr><td><b>SHALL</b></td><td><a href="http://hl7.org/fhir/R4/resource.html#search">_profile</a></td><td><code>uri</code></td><td><div/></td></tr><tr><td><b>SHALL</b></td><td><a href="http://hl7.org/fhir/R4/condition.html#search">category</a></td><td><code>token</code></td><td><div/></td></tr><tr><td><b>SHALL</b></td><td><a href="http://hl7.org/fhir/R4/condition.html#search">code</a></td><td><code>token</code></td><td><div/></td></tr><tr><td><b>SHALL</b></td><td><a href="http://hl7.org/fhir/R4/condition.html#search">subject</a></td><td><code>reference</code></td><td><div/></td></tr><tr><td><b>SHALL</b></td><td><a href="http://hl7.org/fhir/R4/condition.html#search">patient</a></td><td><code>reference</code></td><td><div/></td></tr></tbody></table></div><div class="col-lg-5"> </div></div></div></div></div></div></div>
  </text>
  <extension url="https://www.medizininformatik-initiative.de/fhir/modul-meta/StructureDefinition/mii-ex-meta-license-codeable">
    <valueCodeableConcept>
      <coding>
        <system value="http://hl7.org/fhir/spdx-license"/>
        <code value="CC-BY-4.0"/>
        <display value="Creative Commons Attribution 4.0 International"/>
      </coding>
    </valueCodeableConcept>
  </extension>
  <url value="https://www.medizininformatik-initiative.de/fhir/core/modul-person/CapabilityStatement/metadata"/>
  <version value="2026.0.0"/>
  <name value="MII_CPS_Person_CapabilityStatement"/>
  <title value="MII CPS Person CapabilityStatement"/>
  <status value="active"/>
  <experimental value="false"/>
  <date value="2025-02-28"/>
  <publisher value="Medical Informatics Initiative (MII)">
    <extension url="http://hl7.org/fhir/StructureDefinition/translation">
      <extension url="lang">
        <valueCode value="de"/>
      </extension>
      <extension url="content">
        <valueString value="Medizininformatik-Initiative (MII)"/>
      </extension>
    </extension>
  </publisher>
  <contact>
    <name value="Medical Informatics Initiative (MII)"/>
    <telecom>
      <system value="url"/>
      <value value="https://www.medizininformatik-initiative.de/en"/>
    </telecom>
  </contact>
  <description value="Das vorliegende CapabilityStatement beschreibt alle verpflichtenden Interaktionen die ein konformes System unterstützen muss um das Modul Person der Medizininformatik Initiative zu implementieren."/>
  <jurisdiction>
    <coding>
      <system value="urn:iso:std:iso:3166"/>
      <code value="DE"/>
      <display value="Germany"/>
    </coding>
  </jurisdiction>
  <kind value="requirements"/>
  <fhirVersion value="4.0.1"/>
  <format value="xml"/>
  <format value="json"/>
  <rest>
    <mode value="server"/>
    <resource>
      <extension url="http://hl7.org/fhir/StructureDefinition/capabilitystatement-expectation">
        <valueCode value="SHALL"/>
      </extension>
      <type value="Patient"/>
      <supportedProfile value="https://www.medizininformatik-initiative.de/fhir/core/modul-person/StructureDefinition/Patient|2026.0.0"/>
      <supportedProfile value="https://www.medizininformatik-initiative.de/fhir/core/modul-person/StructureDefinition/PatientPseudonymisiert|2026.0.0"/>
      <interaction>
        <extension url="http://hl7.org/fhir/StructureDefinition/capabilitystatement-expectation">
          <valueCode value="SHALL"/>
        </extension>
        <code value="read"/>
      </interaction>
      <interaction>
        <extension url="http://hl7.org/fhir/StructureDefinition/capabilitystatement-expectation">
          <valueCode value="SHALL"/>
        </extension>
        <code value="search-type"/>
      </interaction>
      <searchParam>
        <extension url="http://hl7.org/fhir/StructureDefinition/capabilitystatement-expectation">
          <valueCode value="SHALL"/>
        </extension>
        <name value="_count"/>
        <type value="special"/>
      </searchParam>
      <searchParam>
        <extension url="http://hl7.org/fhir/StructureDefinition/capabilitystatement-expectation">
          <valueCode value="SHALL"/>
        </extension>
        <name value="_summary"/>
        <type value="special"/>
      </searchParam>
      <searchParam>
        <extension url="http://hl7.org/fhir/StructureDefinition/capabilitystatement-expectation">
          <valueCode value="SHALL"/>
        </extension>
        <name value="_id"/>
        <definition value="http://hl7.org/fhir/SearchParameter/Resource-id"/>
        <type value="token"/>
      </searchParam>
      <searchParam>
        <extension url="http://hl7.org/fhir/StructureDefinition/capabilitystatement-expectation">
          <valueCode value="SHALL"/>
        </extension>
        <name value="_profile"/>
        <definition value="http://hl7.org/fhir/SearchParameter/Resource-profile"/>
        <type value="uri"/>
      </searchParam>
      <searchParam>
        <extension url="http://hl7.org/fhir/StructureDefinition/capabilitystatement-expectation">
          <valueCode value="SHALL"/>
        </extension>
        <name value="identifier"/>
        <definition value="http://hl7.org/fhir/SearchParameter/Patient-identifier"/>
        <type value="token"/>
      </searchParam>
      <searchParam>
        <extension url="http://hl7.org/fhir/StructureDefinition/capabilitystatement-expectation">
          <valueCode value="SHALL"/>
        </extension>
        <name value="assigner-pid"/>
        <definition value="https://www.medizininformatik-initiative.de/fhir/modul-meta/SearchParameter/mii-sp-meta-patient-assignerpid"/>
        <type value="token"/>
      </searchParam>
      <searchParam>
        <extension url="http://hl7.org/fhir/StructureDefinition/capabilitystatement-expectation">
          <valueCode value="SHALL"/>
        </extension>
        <name value="given"/>
        <definition value="http://hl7.org/fhir/SearchParameter/individual-given"/>
        <type value="string"/>
      </searchParam>
      <searchParam>
        <extension url="http://hl7.org/fhir/StructureDefinition/capabilitystatement-expectation">
          <valueCode value="SHALL"/>
        </extension>
        <name value="family"/>
        <definition value="http://hl7.org/fhir/SearchParameter/individual-family"/>
        <type value="string"/>
      </searchParam>
      <searchParam>
        <extension url="http://hl7.org/fhir/StructureDefinition/capabilitystatement-expectation">
          <valueCode value="SHALL"/>
        </extension>
        <name value="name"/>
        <definition value="http://hl7.org/fhir/SearchParameter/Patient-name"/>
        <type value="string"/>
      </searchParam>
      <searchParam>
        <extension url="http://hl7.org/fhir/StructureDefinition/capabilitystatement-expectation">
          <valueCode value="SHALL"/>
        </extension>
        <name value="prefix"/>
        <definition value="https://www.medizininformatik-initiative.de/fhir/modul-meta/SearchParameter/mii-sp-meta-patient-prefix"/>
        <type value="token"/>
      </searchParam>
      <searchParam>
        <extension url="http://hl7.org/fhir/StructureDefinition/capabilitystatement-expectation">
          <valueCode value="SHALL"/>
        </extension>
        <name value="prefix-qualifier"/>
        <definition value="https://www.medizininformatik-initiative.de/fhir/modul-meta/SearchParameter/mii-sp-meta-patient-prefixqualifier"/>
        <type value="token"/>
      </searchParam>
      <searchParam>
        <extension url="http://hl7.org/fhir/StructureDefinition/capabilitystatement-expectation">
          <valueCode value="SHALL"/>
        </extension>
        <name value="gender"/>
        <definition value="http://hl7.org/fhir/SearchParameter/individual-gender"/>
        <type value="token"/>
      </searchParam>
      <searchParam>
        <extension url="http://hl7.org/fhir/StructureDefinition/capabilitystatement-expectation">
          <valueCode value="SHALL"/>
        </extension>
        <name value="other-amtlich"/>
        <definition value="https://www.medizininformatik-initiative.de/fhir/modul-meta/SearchParameter/mii-sp-meta-patient-otheramtlich"/>
        <type value="token"/>
      </searchParam>
      <searchParam>
        <extension url="http://hl7.org/fhir/StructureDefinition/capabilitystatement-expectation">
          <valueCode value="SHALL"/>
        </extension>
        <name value="birthdate"/>
        <definition value="http://hl7.org/fhir/SearchParameter/individual-birthdate"/>
        <type value="date"/>
      </searchParam>
      <searchParam>
        <extension url="http://hl7.org/fhir/StructureDefinition/capabilitystatement-expectation">
          <valueCode value="SHALL"/>
        </extension>
        <name value="death-date"/>
        <definition value="http://hl7.org/fhir/SearchParameter/Patient-death-date"/>
        <type value="date"/>
      </searchParam>
      <searchParam>
        <extension url="http://hl7.org/fhir/StructureDefinition/capabilitystatement-expectation">
          <valueCode value="SHALL"/>
        </extension>
        <name value="deceased"/>
        <definition value="http://hl7.org/fhir/SearchParameter/Patient-deceased"/>
        <type value="token"/>
      </searchParam>
      <searchParam>
        <extension url="http://hl7.org/fhir/StructureDefinition/capabilitystatement-expectation">
          <valueCode value="SHALL"/>
        </extension>
        <name value="address"/>
        <definition value="http://hl7.org/fhir/SearchParameter/individual-address"/>
        <type value="string"/>
      </searchParam>
      <searchParam>
        <extension url="http://hl7.org/fhir/StructureDefinition/capabilitystatement-expectation">
          <valueCode value="SHALL"/>
        </extension>
        <name value="address-city"/>
        <definition value="http://hl7.org/fhir/SearchParameter/individual-address-city"/>
        <type value="string"/>
      </searchParam>
      <searchParam>
        <extension url="http://hl7.org/fhir/StructureDefinition/capabilitystatement-expectation">
          <valueCode value="SHALL"/>
        </extension>
        <name value="address-postalcode"/>
        <definition value="http://hl7.org/fhir/SearchParameter/individual-address-postalcode"/>
        <type value="string"/>
      </searchParam>
      <searchParam>
        <extension url="http://hl7.org/fhir/StructureDefinition/capabilitystatement-expectation">
          <valueCode value="SHALL"/>
        </extension>
        <name value="address-country"/>
        <definition value="http://hl7.org/fhir/SearchParameter/individual-address-country"/>
        <type value="string"/>
      </searchParam>
      <searchParam>
        <extension url="http://hl7.org/fhir/StructureDefinition/capabilitystatement-expectation">
          <valueCode value="SHALL"/>
        </extension>
        <name value="gemeindeschluessel"/>
        <definition value="https://www.medizininformatik-initiative.de/fhir/modul-meta/SearchParameter/mii-sp-meta-patient-gemeindeschluessel"/>
        <type value="token"/>
      </searchParam>
      <searchParam>
        <extension url="http://hl7.org/fhir/StructureDefinition/capabilitystatement-expectation">
          <valueCode value="SHALL"/>
        </extension>
        <name value="strasse"/>
        <definition value="https://www.medizininformatik-initiative.de/fhir/modul-meta/SearchParameter/mii-sp-meta-patient-strasse"/>
        <type value="string"/>
      </searchParam>
      <searchParam>
        <extension url="http://hl7.org/fhir/StructureDefinition/capabilitystatement-expectation">
          <valueCode value="SHALL"/>
        </extension>
        <name value="hausnummer"/>
        <definition value="https://www.medizininformatik-initiative.de/fhir/modul-meta/SearchParameter/mii-sp-meta-patient-hausnummer"/>
        <type value="string"/>
      </searchParam>
      <searchParam>
        <extension url="http://hl7.org/fhir/StructureDefinition/capabilitystatement-expectation">
          <valueCode value="SHALL"/>
        </extension>
        <name value="adresszusatz"/>
        <definition value="https://www.medizininformatik-initiative.de/fhir/modul-meta/SearchParameter/mii-sp-meta-patient-adresszusatz"/>
        <type value="string"/>
      </searchParam>
      <searchParam>
        <extension url="http://hl7.org/fhir/StructureDefinition/capabilitystatement-expectation">
          <valueCode value="SHALL"/>
        </extension>
        <name value="postfach"/>
        <definition value="https://www.medizininformatik-initiative.de/fhir/modul-meta/SearchParameter/mii-sp-meta-patient-postfach"/>
        <type value="string"/>
      </searchParam>
      <searchParam>
        <extension url="http://hl7.org/fhir/StructureDefinition/capabilitystatement-expectation">
          <valueCode value="SHALL"/>
        </extension>
        <name value="stadtteil"/>
        <definition value="https://www.medizininformatik-initiative.de/fhir/modul-meta/SearchParameter/mii-sp-meta-patient-stadtteil"/>
        <type value="string"/>
      </searchParam>
      <searchParam>
        <extension url="http://hl7.org/fhir/StructureDefinition/capabilitystatement-expectation">
          <valueCode value="SHALL"/>
        </extension>
        <name value="link"/>
        <definition value="http://hl7.org/fhir/SearchParameter/Patient-link"/>
        <type value="reference"/>
      </searchParam>
    </resource>
    <resource>
      <extension url="http://hl7.org/fhir/StructureDefinition/capabilitystatement-expectation">
        <valueCode value="SHALL"/>
      </extension>
      <type value="Observation"/>
      <supportedProfile value="https://www.medizininformatik-initiative.de/fhir/core/modul-person/StructureDefinition/Vitalstatus|2026.0.0"/>
      <interaction>
        <extension url="http://hl7.org/fhir/StructureDefinition/capabilitystatement-expectation">
          <valueCode value="SHALL"/>
        </extension>
        <code value="read"/>
      </interaction>
      <interaction>
        <extension url="http://hl7.org/fhir/StructureDefinition/capabilitystatement-expectation">
          <valueCode value="SHALL"/>
        </extension>
        <code value="search-type"/>
      </interaction>
      <searchParam>
        <extension url="http://hl7.org/fhir/StructureDefinition/capabilitystatement-expectation">
          <valueCode value="SHALL"/>
        </extension>
        <name value="_count"/>
        <type value="special"/>
      </searchParam>
      <searchParam>
        <extension url="http://hl7.org/fhir/StructureDefinition/capabilitystatement-expectation">
          <valueCode value="SHALL"/>
        </extension>
        <name value="_summary"/>
        <type value="special"/>
      </searchParam>
      <searchParam>
        <extension url="http://hl7.org/fhir/StructureDefinition/capabilitystatement-expectation">
          <valueCode value="SHALL"/>
        </extension>
        <name value="_id"/>
        <definition value="http://hl7.org/fhir/SearchParameter/Resource-id"/>
        <type value="token"/>
      </searchParam>
      <searchParam>
        <extension url="http://hl7.org/fhir/StructureDefinition/capabilitystatement-expectation">
          <valueCode value="SHALL"/>
        </extension>
        <name value="_profile"/>
        <definition value="http://hl7.org/fhir/SearchParameter/Resource-profile"/>
        <type value="uri"/>
      </searchParam>
      <searchParam>
        <extension url="http://hl7.org/fhir/StructureDefinition/capabilitystatement-expectation">
          <valueCode value="SHALL"/>
        </extension>
        <name value="status"/>
        <definition value="http://hl7.org/fhir/SearchParameter/Observation-status"/>
        <type value="token"/>
      </searchParam>
      <searchParam>
        <extension url="http://hl7.org/fhir/StructureDefinition/capabilitystatement-expectation">
          <valueCode value="SHALL"/>
        </extension>
        <name value="code"/>
        <definition value="http://hl7.org/fhir/SearchParameter/clinical-code"/>
        <type value="token"/>
      </searchParam>
      <searchParam>
        <extension url="http://hl7.org/fhir/StructureDefinition/capabilitystatement-expectation">
          <valueCode value="SHALL"/>
        </extension>
        <name value="subject"/>
        <definition value="http://hl7.org/fhir/SearchParameter/Observation-subject"/>
        <type value="reference"/>
      </searchParam>
      <searchParam>
        <extension url="http://hl7.org/fhir/StructureDefinition/capabilitystatement-expectation">
          <valueCode value="SHALL"/>
        </extension>
        <name value="patient"/>
        <definition value="http://hl7.org/fhir/SearchParameter/clinical-patient"/>
        <type value="reference"/>
      </searchParam>
      <searchParam>
        <extension url="http://hl7.org/fhir/StructureDefinition/capabilitystatement-expectation">
          <valueCode value="SHALL"/>
        </extension>
        <name value="date"/>
        <definition value="http://hl7.org/fhir/SearchParameter/clinical-date"/>
        <type value="date"/>
      </searchParam>
      <searchParam>
        <extension url="http://hl7.org/fhir/StructureDefinition/capabilitystatement-expectation">
          <valueCode value="SHALL"/>
        </extension>
        <name value="value-concept"/>
        <definition value="http://hl7.org/fhir/SearchParameter/Observation-value-concept"/>
        <type value="token"/>
      </searchParam>
      <searchParam>
        <extension url="http://hl7.org/fhir/StructureDefinition/capabilitystatement-expectation">
          <valueCode value="SHALL"/>
        </extension>
        <name value="code-value-concept"/>
        <definition value="http://hl7.org/fhir/SearchParameter/Observation-code-value-concept"/>
        <type value="composite"/>
      </searchParam>
    </resource>
    <resource>
      <extension url="http://hl7.org/fhir/StructureDefinition/capabilitystatement-expectation">
        <valueCode value="SHALL"/>
      </extension>
      <type value="Condition"/>
      <supportedProfile value="https://www.medizininformatik-initiative.de/fhir/core/modul-person/StructureDefinition/Todesursache|2026.0.0"/>
      <interaction>
        <extension url="http://hl7.org/fhir/StructureDefinition/capabilitystatement-expectation">
          <valueCode value="SHALL"/>
        </extension>
        <code value="read"/>
      </interaction>
      <interaction>
        <extension url="http://hl7.org/fhir/StructureDefinition/capabilitystatement-expectation">
          <valueCode value="SHALL"/>
        </extension>
        <code value="search-type"/>
      </interaction>
      <searchParam>
        <extension url="http://hl7.org/fhir/StructureDefinition/capabilitystatement-expectation">
          <valueCode value="SHALL"/>
        </extension>
        <name value="_count"/>
        <type value="special"/>
      </searchParam>
      <searchParam>
        <extension url="http://hl7.org/fhir/StructureDefinition/capabilitystatement-expectation">
          <valueCode value="SHALL"/>
        </extension>
        <name value="_summary"/>
        <type value="special"/>
      </searchParam>
      <searchParam>
        <extension url="http://hl7.org/fhir/StructureDefinition/capabilitystatement-expectation">
          <valueCode value="SHALL"/>
        </extension>
        <name value="_id"/>
        <definition value="http://hl7.org/fhir/SearchParameter/Resource-id"/>
        <type value="token"/>
      </searchParam>
      <searchParam>
        <extension url="http://hl7.org/fhir/StructureDefinition/capabilitystatement-expectation">
          <valueCode value="SHALL"/>
        </extension>
        <name value="_profile"/>
        <definition value="http://hl7.org/fhir/SearchParameter/Resource-profile"/>
        <type value="uri"/>
      </searchParam>
      <searchParam>
        <extension url="http://hl7.org/fhir/StructureDefinition/capabilitystatement-expectation">
          <valueCode value="SHALL"/>
        </extension>
        <name value="category"/>
        <definition value="http://hl7.org/fhir/SearchParameter/Condition-category"/>
        <type value="token"/>
      </searchParam>
      <searchParam>
        <extension url="http://hl7.org/fhir/StructureDefinition/capabilitystatement-expectation">
          <valueCode value="SHALL"/>
        </extension>
        <name value="code"/>
        <definition value="http://hl7.org/fhir/SearchParameter/clinical-code"/>
        <type value="token"/>
      </searchParam>
      <searchParam>
        <extension url="http://hl7.org/fhir/StructureDefinition/capabilitystatement-expectation">
          <valueCode value="SHALL"/>
        </extension>
        <name value="subject"/>
        <definition value="http://hl7.org/fhir/SearchParameter/Condition-subject"/>
        <type value="reference"/>
      </searchParam>
      <searchParam>
        <extension url="http://hl7.org/fhir/StructureDefinition/capabilitystatement-expectation">
          <valueCode value="SHALL"/>
        </extension>
        <name value="patient"/>
        <definition value="http://hl7.org/fhir/SearchParameter/clinical-patient"/>
        <type value="reference"/>
      </searchParam>
    </resource>
  </rest>
</CapabilityStatement>