<?xml version="1.0" encoding="UTF-8"?>

<Procedure xmlns="http://hl7.org/fhir">
  <id value="mii-exa-prozedur-procedure-2"/>
  <meta>
    <profile value="https://www.medizininformatik-initiative.de/fhir/core/modul-prozedur/StructureDefinition/Procedure|2026.0.0-dev.1"/>
    <security>
      <system value="http://terminology.hl7.org/CodeSystem/v3-ActReason"/>
      <code value="HTEST"/>
      <display value="test health data"/>
    </security>
  </meta>
  <language value="en"/>
  <text>
    <status value="extensions"/><div xmlns="http://www.w3.org/1999/xhtml"><div xml:lang="en" lang="en"><hr/><p><b>English</b></p><hr/><p class="res-header-id"><b>Generated Narrative: Procedure mii-exa-prozedur-procedure-2</b></p><a name="mii-exa-prozedur-procedure-2"> </a><a name="hcmii-exa-prozedur-procedure-2"> </a><div style="display: inline-block; background-color: #d9e0e7; padding: 6px; margin: 4px; border: 1px solid #8da1b4; border-radius: 5px; line-height: 60%"><p style="margin-bottom: 0px">Language: en</p><p style="margin-bottom: 0px">Profile: <a href="StructureDefinition-mii-pr-prozedur-procedure.html">MII PR Prozedur Procedureversion: null2026.0.0-dev.1)</a></p><p style="margin-bottom: 0px">Security Label: test health data (Details: ActReason code HTEST = 'test health data')</p></div><p><b>ExtensionProzedurDokumentationsdatum</b>: 2020-01-17 00:00:00+0100</p><p><b>MII EX Prozedur Durchführungsabsicht</b>: <a href="http://snomed.info/id/262202000">SNOMED CT: 262202000</a> (262202000)</p><p><b>status</b>: Completed</p><p><b>category</b>: <span title="Codes:{http://snomed.info/sct 277132007}">277132007</span></p><p><b>code</b>: <span title="Codes:{http://fhir.de/CodeSystem/bfarm/ops 8-561.1}">Funktionsorientierte physikalische Monotherapie</span></p><p><b>subject</b>: <a href="Patient-mii-exa-person-patient-1.html">Maja Julia Van-der-Dussen (official) Female, DoB: 1998-09-19 ( Medical record number (use: usual, ))</a></p><p><b>encounter</b>: <a href="Encounter-mii-exa-fall-kontakt-gesundheitseinrichtung-7.html">Encounter: identifier = Visit number; status = finished; class = inpatient encounter (ActCode#IMP); type = Abteilungskontakt; serviceType = Innere Medizin; period = 2020-01-12 00:00:00+0100 --&gt; 2020-01-17 18:00:00+0100</a></p><p><b>performed</b>: 2020-01-13 00:00:00+0100 --&gt; 2020-01-16 00:00:00+0100</p><p><b>bodySite</b>: <span title="Codes:{http://snomed.info/sct 85562004}">Hand structure</span></p></div><div xml:lang="de" lang="de"><hr/><p><b>German</b></p><hr/><p class="res-header-id"><b>Generated Narrative: Procedure mii-exa-prozedur-procedure-2</b></p><a name="de-mii-exa-prozedur-procedure-2"> </a><a name="de-hcmii-exa-prozedur-procedure-2"> </a><div style="display: inline-block; background-color: #d9e0e7; padding: 6px; margin: 4px; border: 1px solid #8da1b4; border-radius: 5px; line-height: 60%"><p style="margin-bottom: 0px">Language: en</p><p style="margin-bottom: 0px">Profile: <a href="StructureDefinition-mii-pr-prozedur-procedure.html">MII PR Prozedur Procedureversion: null2026.0.0-dev.1)</a></p><p style="margin-bottom: 0px">Security Label: test health data (Details: ActReason code HTEST = 'test health data')</p></div><p><b>ExtensionProzedurDokumentationsdatum</b>: 2020-01-17 00:00:00+0100</p><p><b>MII EX Prozedur Durchführungsabsicht</b>: <a href="http://snomed.info/id/262202000">SNOMED CT: 262202000</a> (262202000)</p><p><b>status</b>: Completed</p><p><b>category</b>: <span title="Codes:{http://snomed.info/sct 277132007}">277132007</span></p><p><b>code</b>: <span title="Codes:{http://fhir.de/CodeSystem/bfarm/ops 8-561.1}">Funktionsorientierte physikalische Monotherapie</span></p><p><b>subject</b>: <a href="Patient-mii-exa-person-patient-1.html">Maja Julia Van-der-Dussen (official) Female, DoB: 1998-09-19 ( Krankenaktennummer (use: usual, ))</a></p><p><b>encounter</b>: <a href="Encounter-mii-exa-fall-kontakt-gesundheitseinrichtung-7.html">Encounter: identifier = Fallnummer; status = finished; class = inpatient encounter (ActCode#IMP); type = Abteilungskontakt; serviceType = Innere Medizin; period = 2020-01-12 00:00:00+0100 --&gt; 2020-01-17 18:00:00+0100</a></p><p><b>performed</b>: 2020-01-13 00:00:00+0100 --&gt; 2020-01-16 00:00:00+0100</p><p><b>bodySite</b>: <span title="Codes:{http://snomed.info/sct 85562004}">Hand structure</span></p></div></div>
  </text>
  <extension url="http://fhir.de/StructureDefinition/ProzedurDokumentationsdatum">
    <valueDateTime value="2020-01-17T00:00:00+01:00"/>
  </extension>
  <extension url="https://www.medizininformatik-initiative.de/fhir/core/modul-prozedur/StructureDefinition/Durchfuehrungsabsicht">
    <valueCoding>
      <system value="http://snomed.info/sct"/>
      <code value="262202000"/>
    </valueCoding>
  </extension>
  <status value="completed"/>
  <category>
    <coding>
      <system value="http://snomed.info/sct"/>
      <code value="277132007"/>
    </coding>
  </category>
  <code>
    <coding>
      <system value="http://fhir.de/CodeSystem/bfarm/ops"/>
      <version value="2020"/>
      <code value="8-561.1"/>
    </coding>
    <text value="Funktionsorientierte physikalische Monotherapie"/>
  </code>
  <subject>
    <reference value="Patient/mii-exa-person-patient-1"/>
  </subject>
  <encounter>
    <reference value="Encounter/mii-exa-fall-kontakt-gesundheitseinrichtung-7"/>
  </encounter>
  <performedPeriod>
    <start value="2020-01-13T00:00:00+01:00"/>
    <end value="2020-01-16T00:00:00+01:00"/>
  </performedPeriod>
  <bodySite>
    <coding>
      <system value="http://snomed.info/sct"/>
      <code value="85562004"/>
      <display value="Hand structure"/>
    </coding>
  </bodySite>
</Procedure>