<?xml version="1.0" encoding="UTF-8"?>

<CodeSystem xmlns="http://hl7.org/fhir">
  <id value="mii-cs-diagnose-lebensphase-supplement-snomed"/>
  <meta>
    <profile value="http://hl7.org/fhir/StructureDefinition/shareablecodesystem"/>
  </meta>
  <language value="en"/>
  <text>
    <status value="generated"/><div xml:lang="en" lang="en"><hr/><p><b>English</b></p><hr/><p class="res-header-id"><b>Generated Narrative: CodeSystem mii-cs-diagnose-lebensphase-supplement-snomed</b></p><a name="mii-cs-diagnose-lebensphase-supplement-snomed"> </a><a name="hcmii-cs-diagnose-lebensphase-supplement-snomed"> </a><div style="display: inline-block; background-color: #d9e0e7; padding: 6px; margin: 4px; border: 1px solid #8da1b4; border-radius: 5px; line-height: 60%"><p style="margin-bottom: 0px"/><p style="margin-bottom: 0px">Profile: <a href="http://hl7.org/fhir/R4/shareablecodesystem.html">Shareable CodeSystem</a></p></div><p><b>Properties</b></p><p><b>This code system defines the following properties for its concepts</b></p><table class="grid"><tr><td><b>Name</b></td><td><b>Code</b></td><td><b>URI</b></td><td><b>Type</b></td></tr><tr><td>comment</td><td>comment</td><td>http://hl7.org/fhir/concept-properties#comment</td><td>string</td></tr></table><p><b>Concepts</b></p><p>This code system supplement <code>https://www.medizininformatik-initiative.de/fhir/core/modul-diagnose/CodeSystem/mii-cs-diagnose-lebensphase-supplement-snomed</code> defines properties on the following codes:</p><table class="codes"><tr><td style="white-space:nowrap"><b>Code</b></td><td><b>Display</b></td><td><b>comment</b></td></tr><tr><td><a style="white-space:nowrap" href="http://snomed.info/id/271872005">271872005</a><a name="mii-cs-diagnose-lebensphase-supplement-snomed-271872005"> </a></td><td>Old age (qualifier value)</td><td>Ältere Person/ Senioren (mit Beginn des 65. Lebensjahres)</td></tr><tr><td><a style="white-space:nowrap" href="http://snomed.info/id/41847000">41847000</a><a name="mii-cs-diagnose-lebensphase-supplement-snomed-41847000"> </a></td><td>Adulthood (qualifier value)</td><td>Erwachsener (ab Beginn des 19. Lebensjahres)</td></tr><tr><td><a style="white-space:nowrap" href="http://snomed.info/id/263659003">263659003</a><a name="mii-cs-diagnose-lebensphase-supplement-snomed-263659003"> </a></td><td>Adolescence (qualifier value)</td><td>Jugendlicher (ab Beginn des 13. bis zum vollendeten 18. Lebensjahres)</td></tr><tr><td><a style="white-space:nowrap" href="http://snomed.info/id/255398004">255398004</a><a name="mii-cs-diagnose-lebensphase-supplement-snomed-255398004"> </a></td><td>Childhood (qualifier value)</td><td>Kind (ab Beginn des 4. bis zum vollendeten 12. Lebensjahres)</td></tr><tr><td><a style="white-space:nowrap" href="http://snomed.info/id/713153009">713153009</a><a name="mii-cs-diagnose-lebensphase-supplement-snomed-713153009"> </a></td><td>Toddler (qualifier value)</td><td>Kleinkind (ab Beginn des 13. Lebensmonat bis zum vollendeten 3. Lebensjahr)</td></tr><tr><td><a style="white-space:nowrap" href="http://snomed.info/id/3658006">3658006</a><a name="mii-cs-diagnose-lebensphase-supplement-snomed-3658006"> </a></td><td>Infancy (qualifier value)</td><td>Säugling (ab Beginn des 29. Lebenstages bis zum vollendeten 12. Lebensmonat)</td></tr><tr><td><a style="white-space:nowrap" href="http://snomed.info/id/255407002">255407002</a><a name="mii-cs-diagnose-lebensphase-supplement-snomed-255407002"> </a></td><td>Neonatal (qualifier value)</td><td>Neugeborenes (bis zum vollendeten 28. Lebenstag)</td></tr></table></div>
  </text>
  <extension url="https://www.medizininformatik-initiative.de/fhir/modul-meta/StructureDefinition/mii-ex-meta-license-codeable">
    <valueCodeableConcept>
      <coding>
        <system value="http://hl7.org/fhir/spdx-license"/>
        <code value="CC-BY-4.0"/>
        <display value="Creative Commons Attribution 4.0 International"/>
      </coding>
    </valueCodeableConcept>
  </extension>
  <url value="https://www.medizininformatik-initiative.de/fhir/core/modul-diagnose/CodeSystem/mii-cs-diagnose-lebensphase-supplement-snomed"/>
  <version value="2026.0.0-dev.1"/>
  <name value="MII_CS_Diagnose_Lebensphase_Supplement_SNOMED"/>
  <title value="MII CS Diagnose Lebensphase Supplement SNOMED"/>
  <status value="active"/>
  <experimental value="true"/>
  <date value="2024-11-13"/>
  <publisher value="Medical Informatics Initiative (MII)"/>
  <contact>
    <name value="Medical Informatics Initiative (MII)"/>
    <telecom>
      <system value="url"/>
      <value value="https://www.medizininformatik-initiative.de/en"/>
    </telecom>
  </contact>
  <description value="CodeSystem Supplement mit Definitionen zu den SNOMED-Konzepten für Lebensphasen."/>
  <jurisdiction>
    <coding>
      <system value="urn:iso:std:iso:3166"/>
      <code value="DE"/>
      <display value="Germany"/>
    </coding>
  </jurisdiction>
  <copyright value="This material includes SNOMED Clinical Terms® (SNOMED CT®) which is used by permission of SNOMED International. All rights reserved. SNOMED CT®, was originally created by The College of American Pathologists. SNOMED and SNOMED CT are registered trademarks of SNOMED International. Implementers of these artefacts must have the appropriate SNOMED CT Affiliate license."/>
  <content value="supplement"/>
  <supplements value="http://snomed.info/sct"/>
  <property>
    <code value="comment"/>
    <uri value="http://hl7.org/fhir/concept-properties#comment"/>
    <type value="string"/>
  </property>
  <concept>
    <code value="271872005"/>
    <display value="Old age (qualifier value)"/>
    <property>
      <code value="comment"/>
      <valueString value="Ältere Person/ Senioren (mit Beginn des 65. Lebensjahres)"/>
    </property>
  </concept>
  <concept>
    <code value="41847000"/>
    <display value="Adulthood (qualifier value)"/>
    <property>
      <code value="comment"/>
      <valueString value="Erwachsener (ab Beginn des 19. Lebensjahres)"/>
    </property>
  </concept>
  <concept>
    <code value="263659003"/>
    <display value="Adolescence (qualifier value)"/>
    <property>
      <code value="comment"/>
      <valueString value="Jugendlicher (ab Beginn des 13. bis zum vollendeten 18. Lebensjahres)"/>
    </property>
  </concept>
  <concept>
    <code value="255398004"/>
    <display value="Childhood (qualifier value)"/>
    <property>
      <code value="comment"/>
      <valueString value="Kind (ab Beginn des 4. bis zum vollendeten 12. Lebensjahres)"/>
    </property>
  </concept>
  <concept>
    <code value="713153009"/>
    <display value="Toddler (qualifier value)"/>
    <property>
      <code value="comment"/>
      <valueString value="Kleinkind (ab Beginn des 13. Lebensmonat bis zum vollendeten 3. Lebensjahr)"/>
    </property>
  </concept>
  <concept>
    <code value="3658006"/>
    <display value="Infancy (qualifier value)"/>
    <property>
      <code value="comment"/>
      <valueString value="Säugling (ab Beginn des 29. Lebenstages bis zum vollendeten 12. Lebensmonat)"/>
    </property>
  </concept>
  <concept>
    <code value="255407002"/>
    <display value="Neonatal (qualifier value)"/>
    <property>
      <code value="comment"/>
      <valueString value="Neugeborenes (bis zum vollendeten 28. Lebenstag)"/>
    </property>
  </concept>
</CodeSystem>