<?xml version="1.0" encoding="UTF-8"?>

<ValueSet xmlns="http://hl7.org/fhir">
  <id value="mii-vs-prozedur-prozeduren-snomedct"/>
  <language value="en"/>
  <text>
    <status value="generated"/><div xml:lang="en" lang="en"><hr/><p><b>English</b></p><hr/><p class="res-header-id"><b>Generated Narrative: ValueSet mii-vs-prozedur-prozeduren-snomedct</b></p><a name="mii-vs-prozedur-prozeduren-snomedct"> </a><a name="hcmii-vs-prozedur-prozeduren-snomedct"> </a><ul><li>Include codes from<a href="http://www.snomed.org/"><code>http://snomed.info/sct</code></a><span title="Version is explicitly stated to be http://snomed.info/sct/900000000000207008/version/20240701"> version &#x1F4CD;</span> where concept  descends from 71388002</li></ul></div>
  </text>
  <extension url="https://www.medizininformatik-initiative.de/fhir/modul-meta/StructureDefinition/mii-ex-meta-license-codeable">
    <valueCodeableConcept>
      <coding>
        <system value="http://hl7.org/fhir/spdx-license"/>
        <code value="CC-BY-4.0"/>
        <display value="Creative Commons Attribution 4.0 International"/>
      </coding>
    </valueCodeableConcept>
  </extension>
  <url value="https://www.medizininformatik-initiative.de/fhir/core/modul-prozedur/ValueSet/procedures-sct"/>
  <version value="2026.0.0-dev.1"/>
  <name value="MII_VS_Prozedur_Prozeduren_SNOMEDCT"/>
  <title value="MII VS Prozedur Prozeduren [SNOMED CT]"/>
  <status value="active"/>
  <experimental value="false"/>
  <date value="2024-12-09"/>
  <publisher value="Medical Informatics Initiative (MII)"/>
  <contact>
    <name value="Medical Informatics Initiative (MII)"/>
    <telecom>
      <system value="url"/>
      <value value="https://www.medizininformatik-initiative.de/en"/>
    </telecom>
  </contact>
  <description value="Enthaelt alle SNOMED CT Procedure Codes"/>
  <jurisdiction>
    <coding>
      <system value="urn:iso:std:iso:3166"/>
      <code value="DE"/>
      <display value="Germany"/>
    </coding>
  </jurisdiction>
  <copyright value="This material includes SNOMED Clinical Terms® (SNOMED CT®) which is used by permission of SNOMED International. All rights reserved. SNOMED CT®, was originally created by The College of American Pathologists. SNOMED and SNOMED CT are registered trademarks of SNOMED International. Implementers of these artefacts must have the appropriate SNOMED CT Affiliate license."/>
  <compose>
    <include>
      <system value="http://snomed.info/sct"/>
      <version value="http://snomed.info/sct/900000000000207008/version/20240701"/>
      <filter>
        <property value="concept"/>
        <op value="descendent-of"/>
        <value value="71388002"/>
      </filter>
    </include>
  </compose>
</ValueSet>