{
  "resourceType" : "Encounter",
  "id" : "mii-exa-fall-kontakt-gesundheitseinrichtung-9",
  "meta" : {
    "profile" : ["https://www.medizininformatik-initiative.de/fhir/core/modul-fall/StructureDefinition/KontaktGesundheitseinrichtung|2026.0.0"],
    "security" : [{
      "system" : "http://terminology.hl7.org/CodeSystem/v3-ActReason",
      "code" : "HTEST",
      "display" : "test health data"
    }]
  },
  "language" : "en",
  "text" : {
    "status" : "extensions",
    "div" : "<div xmlns=\"http://www.w3.org/1999/xhtml\"><div xml:lang=\"en\" lang=\"en\"><hr/><p><b>English</b></p><hr/><p class=\"res-header-id\"><b>Generated Narrative: Encounter mii-exa-fall-kontakt-gesundheitseinrichtung-9</b></p><a name=\"mii-exa-fall-kontakt-gesundheitseinrichtung-9\"> </a><a name=\"hcmii-exa-fall-kontakt-gesundheitseinrichtung-9\"> </a><div style=\"display: inline-block; background-color: #d9e0e7; padding: 6px; margin: 4px; border: 1px solid #8da1b4; border-radius: 5px; line-height: 60%\"><p style=\"margin-bottom: 0px\">Language: en</p><p style=\"margin-bottom: 0px\">Profile: <a href=\"StructureDefinition-mii-pr-fall-kontakt-gesundheitseinrichtung.html\">MII PR Fall Kontakt mit einer Gesundheitseinrichtungversion: null2026.0.0)</a></p><p style=\"margin-bottom: 0px\">Security Label: test health data (Details: ActReason code HTEST = 'test health data')</p></div><blockquote><p><b>ExtensionAufnahmegrund</b></p><ul><li>VierteStelle: <a href=\"https://simplifier.net/resolve?scope=de.basisprofil.r4@1.5.4&amp;canonical=http://fhir.de/CodeSystem/dkgev/AufnahmegrundVierteStelle#AufnahmegrundVierteStelle-7\">AufnahmegrundVierteStelle: 7</a> (Notfall)</li></ul></blockquote><p><b>identifier</b>: Visit number/A1E</p><p><b>status</b>: Finished</p><p><b>class</b>: <a href=\"http://terminology.hl7.org/7.0.0/CodeSystem-v3-ActCode.html#v3-ActCode-AMB\">ActCode: AMB</a> (ambulatory)</p><p><b>type</b>: <span title=\"Codes:{http://fhir.de/CodeSystem/Kontaktebene abteilungskontakt}\">Abteilungskontakt</span></p><p><b>priority</b>: <span title=\"Codes:{http://terminology.hl7.org/CodeSystem/v3-ActPriority EM}\">emergency</span></p><p><b>subject</b>: <a href=\"Patient-mii-exa-person-patient-1.html\">Maja Julia Van-der-Dussen (official) Female, DoB: 1998-09-19 ( Medical record number\u00a0(use:\u00a0usual,\u00a0))</a></p><p><b>period</b>: 2020-01-08 07:00:00+0100 --&gt; 2020-01-08 09:00:00+0100</p><p><b>account</b>: Account A1 - DRG G23B Appendektomie ohne schwere CC (Identifier: <code>https://www.charite.de/fhir/sid/fallnummer</code>/F-2020-000123)</p><p><b>serviceProvider</b>: Identifier: <code>http://fhir.de/sid/dkgev/iknr</code>/260950472</p><p><b>partOf</b>: <a href=\"Encounter-mii-exa-fall-kontakt-gesundheitseinrichtung-1.html\">Encounter: identifier = Visit number; status = finished; class = inpatient encounter (ActCode#IMP); type = Einrichtungskontakt; period = 2020-01-08 07:00:00+0100 --&gt; 2020-01-17 18:00:00+0100</a></p></div><div xml:lang=\"de\" lang=\"de\"><hr/><p><b>German</b></p><hr/><p class=\"res-header-id\"><b>Generated Narrative: Encounter mii-exa-fall-kontakt-gesundheitseinrichtung-9</b></p><a name=\"de-mii-exa-fall-kontakt-gesundheitseinrichtung-9\"> </a><a name=\"de-hcmii-exa-fall-kontakt-gesundheitseinrichtung-9\"> </a><div style=\"display: inline-block; background-color: #d9e0e7; padding: 6px; margin: 4px; border: 1px solid #8da1b4; border-radius: 5px; line-height: 60%\"><p style=\"margin-bottom: 0px\">Language: en</p><p style=\"margin-bottom: 0px\">Profile: <a href=\"StructureDefinition-mii-pr-fall-kontakt-gesundheitseinrichtung.html\">MII PR Fall Kontakt mit einer Gesundheitseinrichtungversion: null2026.0.0)</a></p><p style=\"margin-bottom: 0px\">Security Label: test health data (Details: ActReason code HTEST = 'test health data')</p></div><blockquote><p><b>ExtensionAufnahmegrund</b></p><ul><li>VierteStelle: <a href=\"https://simplifier.net/resolve?scope=de.basisprofil.r4@1.5.4&amp;canonical=http://fhir.de/CodeSystem/dkgev/AufnahmegrundVierteStelle#AufnahmegrundVierteStelle-7\">AufnahmegrundVierteStelle: 7</a> (Notfall)</li></ul></blockquote><p><b>identifier</b>: Fallnummer/A1E</p><p><b>status</b>: Finished</p><p><b>class</b>: <a href=\"http://terminology.hl7.org/7.0.0/CodeSystem-v3-ActCode.html#v3-ActCode-AMB\">ActCode: AMB</a> (ambulatory)</p><p><b>type</b>: <span title=\"Codes:{http://fhir.de/CodeSystem/Kontaktebene abteilungskontakt}\">Abteilungskontakt</span></p><p><b>priority</b>: <span title=\"Codes:{http://terminology.hl7.org/CodeSystem/v3-ActPriority EM}\">emergency</span></p><p><b>subject</b>: <a href=\"Patient-mii-exa-person-patient-1.html\">Maja Julia Van-der-Dussen (official) Female, DoB: 1998-09-19 ( Krankenaktennummer\u00a0(use:\u00a0usual,\u00a0))</a></p><p><b>period</b>: 2020-01-08 07:00:00+0100 --&gt; 2020-01-08 09:00:00+0100</p><p><b>account</b>: Account A1 - DRG G23B Appendektomie ohne schwere CC (Identifier: <code>https://www.charite.de/fhir/sid/fallnummer</code>/F-2020-000123)</p><p><b>serviceProvider</b>: Identifier: <code>http://fhir.de/sid/dkgev/iknr</code>/260950472</p><p><b>partOf</b>: <a href=\"Encounter-mii-exa-fall-kontakt-gesundheitseinrichtung-1.html\">Encounter: identifier = Fallnummer; status = finished; class = inpatient encounter (ActCode#IMP); type = Einrichtungskontakt; period = 2020-01-08 07:00:00+0100 --&gt; 2020-01-17 18:00:00+0100</a></p></div></div>"
  },
  "extension" : [{
    "extension" : [{
      "url" : "VierteStelle",
      "valueCoding" : {
        "system" : "http://fhir.de/CodeSystem/dkgev/AufnahmegrundVierteStelle",
        "code" : "7",
        "display" : "Notfall"
      }
    }],
    "url" : "http://fhir.de/StructureDefinition/Aufnahmegrund"
  }],
  "identifier" : [{
    "type" : {
      "coding" : [{
        "system" : "http://terminology.hl7.org/CodeSystem/v2-0203",
        "code" : "VN"
      }]
    },
    "system" : "https://www.charite.de/fhir/sid/aufnahmenummer",
    "value" : "A1E"
  }],
  "status" : "finished",
  "class" : {
    "system" : "http://terminology.hl7.org/CodeSystem/v3-ActCode",
    "code" : "AMB"
  },
  "type" : [{
    "coding" : [{
      "system" : "http://fhir.de/CodeSystem/Kontaktebene",
      "code" : "abteilungskontakt"
    }]
  }],
  "priority" : {
    "coding" : [{
      "system" : "http://terminology.hl7.org/CodeSystem/v3-ActPriority",
      "code" : "EM"
    }]
  },
  "subject" : {
    "reference" : "Patient/mii-exa-person-patient-1"
  },
  "period" : {
    "start" : "2020-01-08T07:00:00+01:00",
    "end" : "2020-01-08T09:00:00+01:00"
  },
  "account" : [{
    "identifier" : {
      "system" : "https://www.charite.de/fhir/sid/fallnummer",
      "value" : "F-2020-000123"
    },
    "display" : "Account A1 - DRG G23B Appendektomie ohne schwere CC"
  }],
  "serviceProvider" : {
    "identifier" : {
      "system" : "http://fhir.de/sid/dkgev/iknr",
      "value" : "260950472"
    }
  },
  "partOf" : {
    "reference" : "Encounter/mii-exa-fall-kontakt-gesundheitseinrichtung-1"
  }
}