{
  "resourceType" : "Procedure",
  "id" : "mii-exa-prozedur-procedure-2",
  "meta" : {
    "profile" : ["https://www.medizininformatik-initiative.de/fhir/core/modul-prozedur/StructureDefinition/Procedure|2026.0.0"],
    "security" : [{
      "system" : "http://terminology.hl7.org/CodeSystem/v3-ActReason",
      "code" : "HTEST",
      "display" : "test health data"
    }]
  },
  "language" : "en",
  "text" : {
    "status" : "extensions",
    "div" : "<div xmlns=\"http://www.w3.org/1999/xhtml\"><div xml:lang=\"en\" lang=\"en\"><hr/><p><b>English</b></p><hr/><p class=\"res-header-id\"><b>Generated Narrative: Procedure mii-exa-prozedur-procedure-2</b></p><a name=\"mii-exa-prozedur-procedure-2\"> </a><a name=\"hcmii-exa-prozedur-procedure-2\"> </a><div style=\"display: inline-block; background-color: #d9e0e7; padding: 6px; margin: 4px; border: 1px solid #8da1b4; border-radius: 5px; line-height: 60%\"><p style=\"margin-bottom: 0px\">Language: en</p><p style=\"margin-bottom: 0px\">Profile: <a href=\"StructureDefinition-mii-pr-prozedur-procedure.html\">MII PR Prozedur Procedureversion: null2026.0.0)</a></p><p style=\"margin-bottom: 0px\">Security Label: test health data (Details: ActReason code HTEST = 'test health data')</p></div><p><b>ExtensionProzedurDokumentationsdatum</b>: 2020-01-17 00:00:00+0100</p><p><b>MII EX Prozedur Durchführungsabsicht</b>: <a href=\"http://snomed.info/id/262202000\">SNOMED CT: 262202000</a> (Therapeutic)</p><p><b>status</b>: Completed</p><p><b>category</b>: <span title=\"Codes:{http://snomed.info/sct 277132007}\">Therapeutic procedure</span></p><p><b>code</b>: <span title=\"Codes:{http://fhir.de/CodeSystem/bfarm/ops 8-561.1}\">Funktionsorientierte physikalische Monotherapie</span></p><p><b>subject</b>: <a href=\"Patient-mii-exa-person-patient-1.html\">Maja Julia Van-der-Dussen (official) Female, DoB: 1998-09-19 ( Medical record number\u00a0(use:\u00a0usual,\u00a0))</a></p><p><b>encounter</b>: <a href=\"Encounter-mii-exa-fall-kontakt-gesundheitseinrichtung-7.html\">Encounter: identifier = Visit number; status = finished; class = inpatient encounter (ActCode#IMP); type = Abteilungskontakt; serviceType = Innere Medizin; period = 2020-01-12 00:00:00+0100 --&gt; 2020-01-17 18:00:00+0100</a></p><p><b>performed</b>: 2020-01-13 00:00:00+0100 --&gt; 2020-01-16 00:00:00+0100</p><p><b>bodySite</b>: <span title=\"Codes:{http://snomed.info/sct 85562004}\">Hand structure</span></p></div><div xml:lang=\"de\" lang=\"de\"><hr/><p><b>German</b></p><hr/><p class=\"res-header-id\"><b>Generated Narrative: Procedure mii-exa-prozedur-procedure-2</b></p><a name=\"de-mii-exa-prozedur-procedure-2\"> </a><a name=\"de-hcmii-exa-prozedur-procedure-2\"> </a><div style=\"display: inline-block; background-color: #d9e0e7; padding: 6px; margin: 4px; border: 1px solid #8da1b4; border-radius: 5px; line-height: 60%\"><p style=\"margin-bottom: 0px\">Language: en</p><p style=\"margin-bottom: 0px\">Profile: <a href=\"StructureDefinition-mii-pr-prozedur-procedure.html\">MII PR Prozedur Procedureversion: null2026.0.0)</a></p><p style=\"margin-bottom: 0px\">Security Label: test health data (Details: ActReason code HTEST = 'test health data')</p></div><p><b>ExtensionProzedurDokumentationsdatum</b>: 2020-01-17 00:00:00+0100</p><p><b>MII EX Prozedur Durchführungsabsicht</b>: <a href=\"http://snomed.info/id/262202000\">SNOMED CT: 262202000</a> (Therapeutic)</p><p><b>status</b>: Completed</p><p><b>category</b>: <span title=\"Codes:{http://snomed.info/sct 277132007}\">Therapeutic procedure</span></p><p><b>code</b>: <span title=\"Codes:{http://fhir.de/CodeSystem/bfarm/ops 8-561.1}\">Funktionsorientierte physikalische Monotherapie</span></p><p><b>subject</b>: <a href=\"Patient-mii-exa-person-patient-1.html\">Maja Julia Van-der-Dussen (official) Female, DoB: 1998-09-19 ( Krankenaktennummer\u00a0(use:\u00a0usual,\u00a0))</a></p><p><b>encounter</b>: <a href=\"Encounter-mii-exa-fall-kontakt-gesundheitseinrichtung-7.html\">Encounter: identifier = Fallnummer; status = finished; class = inpatient encounter (ActCode#IMP); type = Abteilungskontakt; serviceType = Innere Medizin; period = 2020-01-12 00:00:00+0100 --&gt; 2020-01-17 18:00:00+0100</a></p><p><b>performed</b>: 2020-01-13 00:00:00+0100 --&gt; 2020-01-16 00:00:00+0100</p><p><b>bodySite</b>: <span title=\"Codes:{http://snomed.info/sct 85562004}\">Hand structure</span></p></div></div>"
  },
  "extension" : [{
    "url" : "http://fhir.de/StructureDefinition/ProzedurDokumentationsdatum",
    "valueDateTime" : "2020-01-17T00:00:00+01:00"
  },
  {
    "url" : "https://www.medizininformatik-initiative.de/fhir/core/modul-prozedur/StructureDefinition/Durchfuehrungsabsicht",
    "valueCoding" : {
      "system" : "http://snomed.info/sct",
      "code" : "262202000"
    }
  }],
  "status" : "completed",
  "category" : {
    "coding" : [{
      "system" : "http://snomed.info/sct",
      "code" : "277132007"
    }]
  },
  "code" : {
    "coding" : [{
      "system" : "http://fhir.de/CodeSystem/bfarm/ops",
      "version" : "2020",
      "code" : "8-561.1"
    }],
    "text" : "Funktionsorientierte physikalische Monotherapie"
  },
  "subject" : {
    "reference" : "Patient/mii-exa-person-patient-1"
  },
  "encounter" : {
    "reference" : "Encounter/mii-exa-fall-kontakt-gesundheitseinrichtung-7"
  },
  "performedPeriod" : {
    "start" : "2020-01-13T00:00:00+01:00",
    "end" : "2020-01-16T00:00:00+01:00"
  },
  "bodySite" : [{
    "coding" : [{
      "system" : "http://snomed.info/sct",
      "code" : "85562004",
      "display" : "Hand structure"
    }]
  }]
}