{"resourceType":"ValueSet","id":"mii-vs-fall-identifier-type-codes","meta":{"profile":["http://hl7.org/fhir/StructureDefinition/shareablevalueset"]},"text":{"status":"extensions","div":"<div xmlns=\"http://www.w3.org/1999/xhtml\"><div xml:lang=\"en\" lang=\"en\"><hr/><p><b>English</b></p><hr/><p class=\"res-header-id\"><b>Generated Narrative: ValueSet mii-vs-fall-identifier-type-codes</b></p><a name=\"mii-vs-fall-identifier-type-codes\"> </a><a name=\"hcmii-vs-fall-identifier-type-codes\"> </a><div style=\"display: inline-block; background-color: #d9e0e7; padding: 6px; margin: 4px; border: 1px solid #8da1b4; border-radius: 5px; line-height: 60%\"><p style=\"margin-bottom: 0px\"/><p style=\"margin-bottom: 0px\">Profile: <a href=\"http://hl7.org/fhir/R4/shareablevalueset.html\">Shareable ValueSet</a></p></div><ul><li>Include these codes as defined in <a href=\"http://terminology.hl7.org/7.0.1/CodeSystem-v2-0203.html\"><code>http://terminology.hl7.org/CodeSystem/v2-0203</code></a><span title=\"Version is not explicitly stated, which means it is fixed to 5.0.0, the version found through the package references\"> version &#x1F4E6;5.0.0</span><table class=\"none\"><tr><td style=\"white-space:nowrap\"><b>Code</b></td><td><b>Display</b></td><td><b>Definition</b></td></tr><tr><td><code>DL</code></td><td style=\"color: #cccccc\">Driver's license number</td><td>Driver's license number</td></tr><tr><td><code>PPN</code></td><td style=\"color: #cccccc\">Passport number</td><td>A unique number assigned to the document affirming that a person is a citizen of the country.</td></tr><tr><td><code>BRN</code></td><td style=\"color: #cccccc\">Breed Registry Number</td><td>Breed Registry Number</td></tr><tr><td><code>MR</code></td><td style=\"color: #cccccc\">Medical record number</td><td>An identifier that is unique to a patient within a set of medical records, not necessarily unique within an application.</td></tr><tr><td><code>MCN</code></td><td style=\"color: #cccccc\">Microchip Number</td><td>Microchip Number</td></tr><tr><td><code>EN</code></td><td style=\"color: #cccccc\">Employer number</td><td>Employer number</td></tr><tr><td><code>TAX</code></td><td style=\"color: #cccccc\">Tax ID number</td><td>Tax ID number</td></tr><tr><td><code>NIIP</code></td><td style=\"color: #cccccc\">National Insurance Payor Identifier (Payor)</td><td>National Insurance Payor Identifier (Payor)</td></tr><tr><td><code>PRN</code></td><td style=\"color: #cccccc\">Provider number</td><td>A number that is unique to an individual provider, a provider group or an organization within an Assigning Authority.</td></tr><tr><td><code>MD</code></td><td style=\"color: #cccccc\">Medical License number</td><td>An identifier that is unique to a medical doctor within the jurisdiction of a licensing board.</td></tr><tr><td><code>DR</code></td><td style=\"color: #cccccc\">Donor Registration Number</td><td>Donor Registration Number</td></tr><tr><td><code>ACSN</code></td><td style=\"color: #cccccc\">Accession ID</td><td>Accession Identifier</td></tr><tr><td><code>UDI</code></td><td style=\"color: #cccccc\">Universal Device Identifier</td><td>An identifier assigned to a device using the Unique Device Identification framework as defined by IMDRF (http://imdrf.org).</td></tr><tr><td><code>SNO</code></td><td style=\"color: #cccccc\">Serial Number</td><td>An identifier affixed to an item by the manufacturer when it is first made, where each item has a different identifier.</td></tr><tr><td><code>SB</code></td><td style=\"color: #cccccc\">Social Beneficiary Identifier</td><td>An identifier issued by a governmental organization to a person to identify the person should they apply for or receive social services and/or benefits</td></tr><tr><td><code>PLAC</code></td><td style=\"color: #cccccc\">Placer Identifier</td><td>An identifier for a request where the identifier is issued by the person or service making the request.</td></tr><tr><td><code>FILL</code></td><td style=\"color: #cccccc\">Filler Identifier</td><td>An identifier for a request where the identifier is issued by the person, or service, that produces the observations or fulfills the request.</td></tr><tr><td><code>JHN</code></td><td style=\"color: #cccccc\">Jurisdictional health number</td><td>Jurisdictional health number</td></tr><tr><td><code>VN</code></td><td style=\"color: #cccccc\">Visit number</td><td>Visit number</td></tr></table></li></ul></div><div xml:lang=\"de\" lang=\"de\"><hr/><p><b>German</b></p><hr/><p class=\"res-header-id\"><b>Generated Narrative: ValueSet mii-vs-fall-identifier-type-codes</b></p><a name=\"de-mii-vs-fall-identifier-type-codes\"> </a><a name=\"de-hcmii-vs-fall-identifier-type-codes\"> </a><div style=\"display: inline-block; background-color: #d9e0e7; padding: 6px; margin: 4px; border: 1px solid #8da1b4; border-radius: 5px; line-height: 60%\"><p style=\"margin-bottom: 0px\"/><p style=\"margin-bottom: 0px\">Profile: <a href=\"http://hl7.org/fhir/R4/shareablevalueset.html\">Shareable ValueSet</a></p></div><ul><li>Include these codes as defined in <a href=\"http://terminology.hl7.org/7.0.1/CodeSystem-v2-0203.html\"><code>http://terminology.hl7.org/CodeSystem/v2-0203</code></a><span title=\"Version is not explicitly stated, which means it is fixed to 5.0.0, the version found through the package references\"> version &#x1F4E6;5.0.0</span><table class=\"none\"><tr><td style=\"white-space:nowrap\"><b>Code</b></td><td><b>Display</b></td><td><b>Definition</b></td></tr><tr><td><code>DL</code></td><td style=\"color: #cccccc\">Driver's license number</td><td>Driver's license number</td></tr><tr><td><code>PPN</code></td><td style=\"color: #cccccc\">Passport number</td><td>A unique number assigned to the document affirming that a person is a citizen of the country.</td></tr><tr><td><code>BRN</code></td><td style=\"color: #cccccc\">Breed Registry Number</td><td>Breed Registry Number</td></tr><tr><td><code>MR</code></td><td style=\"color: #cccccc\">Medical record number</td><td>An identifier that is unique to a patient within a set of medical records, not necessarily unique within an application.</td></tr><tr><td><code>MCN</code></td><td style=\"color: #cccccc\">Microchip Number</td><td>Microchip Number</td></tr><tr><td><code>EN</code></td><td style=\"color: #cccccc\">Employer number</td><td>Employer number</td></tr><tr><td><code>TAX</code></td><td style=\"color: #cccccc\">Tax ID number</td><td>Tax ID number</td></tr><tr><td><code>NIIP</code></td><td style=\"color: #cccccc\">National Insurance Payor Identifier (Payor)</td><td>National Insurance Payor Identifier (Payor)</td></tr><tr><td><code>PRN</code></td><td style=\"color: #cccccc\">Provider number</td><td>A number that is unique to an individual provider, a provider group or an organization within an Assigning Authority.</td></tr><tr><td><code>MD</code></td><td style=\"color: #cccccc\">Medical License number</td><td>An identifier that is unique to a medical doctor within the jurisdiction of a licensing board.</td></tr><tr><td><code>DR</code></td><td style=\"color: #cccccc\">Donor Registration Number</td><td>Donor Registration Number</td></tr><tr><td><code>ACSN</code></td><td style=\"color: #cccccc\">Accession ID</td><td>Accession Identifier</td></tr><tr><td><code>UDI</code></td><td style=\"color: #cccccc\">Universal Device Identifier</td><td>An identifier assigned to a device using the Unique Device Identification framework as defined by IMDRF (http://imdrf.org).</td></tr><tr><td><code>SNO</code></td><td style=\"color: #cccccc\">Serial Number</td><td>An identifier affixed to an item by the manufacturer when it is first made, where each item has a different identifier.</td></tr><tr><td><code>SB</code></td><td style=\"color: #cccccc\">Social Beneficiary Identifier</td><td>An identifier issued by a governmental organization to a person to identify the person should they apply for or receive social services and/or benefits</td></tr><tr><td><code>PLAC</code></td><td style=\"color: #cccccc\">Placer Identifier</td><td>An identifier for a request where the identifier is issued by the person or service making the request.</td></tr><tr><td><code>FILL</code></td><td style=\"color: #cccccc\">Filler Identifier</td><td>An identifier for a request where the identifier is issued by the person, or service, that produces the observations or fulfills the request.</td></tr><tr><td><code>JHN</code></td><td style=\"color: #cccccc\">Jurisdictional health number</td><td>Jurisdictional health number</td></tr><tr><td><code>VN</code></td><td style=\"color: #cccccc\">Visit number</td><td>Visit number</td></tr></table></li></ul></div></div>"},"extension":[{"url":"https://www.medizininformatik-initiative.de/fhir/modul-meta/StructureDefinition/mii-ex-meta-license-codeable","valueCodeableConcept":{"coding":[{"system":"http://hl7.org/fhir/spdx-license","code":"CC-BY-4.0","display":"Creative Commons Attribution 4.0 International"}]}}],"url":"https://www.medizininformatik-initiative.de/fhir/core/modul-fall/ValueSet/identifier-type-codes","version":"2026.0.0","name":"MII_VS_Fall_IdentifierTypeCodes","title":"MII VS Fall Identifier Type Codes","status":"active","experimental":false,"date":"2024-12-10","publisher":"Medical Informatics Initiative (MII)","_publisher":{"extension":[{"extension":[{"url":"lang","valueCode":"de"},{"url":"content","valueString":"Medizininformatik-Initiative (MII)"}],"url":"http://hl7.org/fhir/StructureDefinition/translation"}]},"contact":[{"name":"Medical Informatics Initiative (MII)","telecom":[{"system":"url","value":"https://www.medizininformatik-initiative.de/en"}]}],"description":"A coded type for an identifier that can be used to determine which identifier to use for a specific purpose.","jurisdiction":[{"coding":[{"system":"urn:iso:std:iso:3166","code":"DE","display":"Germany"}]}],"compose":{"include":[{"system":"http://terminology.hl7.org/CodeSystem/v2-0203","concept":[{"code":"DL"},{"code":"PPN"},{"code":"BRN"},{"code":"MR"},{"code":"MCN"},{"code":"EN"},{"code":"TAX"},{"code":"NIIP"},{"code":"PRN"},{"code":"MD"},{"code":"DR"},{"code":"ACSN"},{"code":"UDI"},{"code":"SNO"},{"code":"SB"},{"code":"PLAC"},{"code":"FILL"},{"code":"JHN"},{"code":"VN"}]}]}}